BangleId,Time,Latitude,Longitude,Altitude,Heartrate,Confidence,Source,Battery Percentage,Battery Voltage,Charging,Steps,Barometer Temperature,Barometer Pressure,Barometer Altitude,Inspected
l6:3a,2022-10-01 16:35:06,,,,77.0,0.0,,41,3.27041015624,False,18,31.73893127441,791.15099605237,2038.93520860138,false
l6:3a,2022-10-01 16:35:16,,,,50.0,74.0,,44,3.2765625,False,17,31.88369674682,791.1509995754,2038.93517276337,false
l6:3a,2022-10-01 16:35:26,,,,54.0,92.0,,40,3.26601562499,False,16,31.94555892944,791.1509973374,2038.93519552939,false
l6:3a,2022-10-01 16:35:36,,,,58.0,58.0,,39,3.26953124999,False,16,31.9870437622,791.15099660479,2038.93520298186,false
l6:3a,2022-10-01 16:35:46,,,,60.0,58.0,,42,3.27832031249,False,17,31.98956604003,791.15099650683,2038.93520397845,false
l6:3a,2022-10-01 16:35:56,,,,51.0,96.0,,40,3.27919921874,False,11,31.95007247924,791.15099345157,2038.93523505804,false
l6:3a,2022-10-01 16:36:06,,,,51.0,96.0,,37,3.27480468749,False,23,31.89883041381,791.15099206962,2038.935249116,false
l6:3a,2022-10-01 16:36:16,,,,50.0,100.0,,42,3.26689453124,False,16,31.81267471313,791.15099232687,2038.93524649908,false
l6:3a,2022-10-01 16:36:26,,,,49.0,100.0,,39,3.27216796874,False,16,31.73674087524,791.15099105086,2038.93525947935,false
l6:3a,2022-10-01 16:36:36,,,,49.0,100.0,,41,3.26689453124,False,16,31.65098342895,791.15098943417,2038.93527592505,false
l6:3a,2022-10-01 16:36:46,,,,51.0,100.0,,40,3.27216796874,False,17,31.55898666381,791.15098515211,2038.93531948436,false
l6:3a,2022-10-01 16:36:56,,,,47.0,92.0,,39,3.26689453124,False,18,31.46207809448,791.15098405543,2038.93533064035,false
l6:3a,2022-10-01 16:37:06,,,,45.0,77.0,,41,3.26953124999,False,17,31.33357467651,791.15098208741,2038.93535066007,false
l6:3a,2022-10-01 16:37:16,,,,49.0,62.0,,37,3.27128906249,False,15,31.20288085937,791.15097451792,2038.93542766079,false
l6:3a,2022-10-01 16:37:26,,,,54.0,62.0,,41,3.27480468749,False,15,31.07590408325,791.15096848559,2038.93548902472,false
l6:3a,2022-10-01 16:37:36,,,,58.0,49.0,,41,3.27480468749,False,14,30.98350906372,791.15096411177,2038.93553351739,false
l6:3a,2022-10-01 16:37:46,,,,55.0,40.0,,40,3.26689453124,False,14,30.85779342651,791.15095948573,2038.93558057579,false
l6:3a,2022-10-01 16:37:56,,,,48.0,85.0,,37,3.27568359374,False,14,30.7519241333,791.1509553902,2038.93562223762,false
l6:3a,2022-10-01 16:38:06,,,,51.0,67.0,,37,3.27216796874,False,16,30.64353256225,791.15095212688,2038.93565543382,false
l6:3a,2022-10-01 16:38:16,,,,76.0,65.0,,38,3.2765625,False,14,30.50951995849,791.1509465179,2038.93571249117,false
l6:3a,2022-10-01 16:38:26,,,,70.0,44.0,,39,3.26865234374,False,15,30.40909347534,791.1509422403,2038.93575600515,false
l6:3a,2022-10-01 16:38:36,,,,52.0,77.0,,39,3.27568359374,False,16,30.31669845581,791.15093823608,2038.9357967381,false
l6:3a,2022-10-01 16:38:46,,,,48.0,100.0,,41,3.26953124999,False,16,30.23346328735,791.15093514022,2038.93582823071,false
l6:3a,2022-10-01 16:38:56,,,,46.0,100.0,,38,3.2765625,False,13,30.15991897583,791.15093177377,2038.93586247599,false
l6:3a,2022-10-01 16:39:06,,,,46.0,100.0,,42,3.26865234374,False,16,30.09234848022,791.15092889191,2038.93589179172,false
l6:3a,2022-10-01 16:39:16,,,,46.0,100.0,,41,3.27919921874,False,16,30.0161491394,791.15092535394,2038.93592778174,false
l6:3a,2022-10-01 16:39:26,,,,45.0,73.0,,38,3.27216796874,False,15,29.95939788818,791.15092149334,2038.93596705378,false
l6:3a,2022-10-01 16:39:36,,,,43.0,74.0,,36,3.27304687499,False,15,29.91691741943,791.15092102332,2038.93597183506,false
l6:3a,2022-10-01 16:39:46,,,,66.0,53.0,,36,3.27216796874,False,16,29.89109725952,791.15092030104,2038.93597918237,false
l6:3a,2022-10-01 16:39:56,,,,70.0,52.0,,37,3.28007812499,False,15,29.90450515747,791.15091760985,2038.93600655862,false
l6:3a,2022-10-01 16:40:06,,,,71.0,41.0,,40,3.26865234374,False,15,29.91227111816,791.15091645232,2038.93601833358,false
l6:3a,2022-10-01 16:40:16,,,,54.0,70.0,,36,3.2765625,False,15,29.92906417846,791.15091423383,2038.93604090115,false
l6:3a,2022-10-01 16:40:26,,,,55.0,70.0,,44,3.2765625,False,15,29.97838134765,791.15091400381,2038.93604324105,false
l6:3a,2022-10-01 16:40:36,,,,47.0,100.0,,40,3.27392578124,False,17,30.02617187499,791.15091356275,2038.93604772772,false
l6:3a,2022-10-01 16:40:46,,,,57.0,70.0,,40,3.26865234374,False,14,30.08869781494,791.15091463561,2038.93603681406,false
l6:3a,2022-10-01 16:40:56,,,,56.0,67.0,,38,3.2765625,False,17,30.17777404785,791.15091574723,2038.93602550611,false
l6:3a,2022-10-01 16:41:06,,,,50.0,82.0,,38,3.27744140624,False,17,30.24096374511,791.15091561809,2038.93602681979,false
l6:3a,2022-10-01 16:41:16,,,,49.0,99.0,,36,3.27568359374,False,14,30.28696212768,791.15091447219,2038.93603847647,false
l6:3a,2022-10-01 16:41:26,,,,49.0,99.0,,37,3.27392578124,False,15,30.33787231445,791.15091342497,2038.9360491293,false
l6:3a,2022-10-01 16:41:36,,,,52.0,89.0,,38,3.27568359374,False,16,30.35433349609,791.15091168518,2038.93606682737,false
l6:3a,2022-10-01 16:41:46,,,,52.0,87.0,,36,3.27392578124,False,15,30.36455535888,791.15091117938,2038.93607197255,false
l6:3a,2022-10-01 16:41:56,,,,51.0,94.0,,37,3.27216796874,False,15,30.36588287353,791.15091084396,2038.9360753847,false
l6:3a,2022-10-01 16:42:06,,,,55.0,81.0,,34,3.27744140624,False,16,30.32625656127,791.15090926643,2038.93609143207,false
l6:3a,2022-10-01 16:42:16,,,,52.0,100.0,,36,3.27392578124,False,16,30.27030181884,791.15090844105,2038.93609982828,false
l6:3a,2022-10-01 16:42:26,,,,47.0,72.0,,36,3.2765625,False,17,30.20717849731,791.15090626086,2038.9361220063,false
l6:3a,2022-10-01 16:42:36,,,,42.0,72.0,,36,3.27480468749,False,16,30.10708389282,791.15090433252,2038.93614162229,false
l6:3a,2022-10-01 16:42:46,,,,48.0,70.0,,37,3.27392578124,False,15,29.98959884643,791.15089809965,2038.93620502629,false
l6:3a,2022-10-01 16:42:56,,,,45.0,82.0,,39,3.26953124999,False,17,29.90324401855,791.150895504,2038.93623143057,false
l6:3a,2022-10-01 16:43:06,,,,42.0,80.0,,38,3.27128906249,False,0,29.83481063842,791.1508944153,2038.93624250539,false
l6:3a,2022-10-01 16:43:16,,,,51.0,54.0,,41,3.26865234374,False,0,29.75223922729,791.15089234791,2038.93626353587,false
l6:3a,2022-10-01 16:43:26,,,,58.0,51.0,,38,3.2765625,False,0,29.70219192504,791.15089072946,2038.93627999956,false
l6:3a,2022-10-01 16:43:36,,,,56.0,24.0,,37,3.27744140624,False,0,29.65075073242,791.15088990739,2038.93628836211,false
l6:3a,2022-10-01 16:43:46,,,,56.0,40.0,,36,3.27216796874,False,11,29.62108078002,791.1508871166,2038.93631675146,false
l6:3a,2022-10-01 16:43:56,,,,50.0,30.0,,38,3.28007812499,False,10,29.62234191894,791.15088904698,2038.93629711466,false
l6:3a,2022-10-01 16:44:06,,,,74.0,19.0,,39,3.27304687499,False,6,29.61358032226,791.15088780759,2038.93630972235,false
l6:3a,2022-10-01 16:44:16,,,,74.0,8.0,,36,3.26953124999,False,0,29.59121170043,791.15088780734,2038.93630972484,false
l6:3a,2022-10-01 16:44:26,,,,59.0,1.0,,36,3.27216796874,False,0,29.60130081176,791.15088789438,2038.93630883947,false
l6:3a,2022-10-01 16:44:40,,,,74.0,0.0,,39,3.26865234374,False,7,29.62785110473,791.15088817045,2038.93630603108,false
l6:3a,2022-10-01 16:44:50,,,,66.0,10.0,,37,3.27041015624,False,6,29.64378128051,791.15089017934,2038.93628559568,false
l6:3a,2022-10-01 16:45:00,,,,56.0,24.0,,37,3.26162109374,False,0,29.66110534667,791.15088863879,2038.93630126694,false
l6:3a,2022-10-01 16:45:10,,,,51.0,55.0,,38,3.27216796874,False,0,29.68606262207,791.15088911556,2038.93629641703,false
l6:3a,2022-10-01 16:45:20,,,,53.0,54.0,,33,3.27216796874,False,0,29.70743560791,791.15089053068,2038.93628202167,false
l6:3a,2022-10-01 16:45:30,,,,43.0,51.0,,37,3.27392578124,False,15,29.72575531005,791.15089048569,2038.93628247937,false
l6:3a,2022-10-01 16:45:42,,,,,,,36,3.27128906249,False,0,29.77699737548,791.15089260165,2038.93626095473,false
l6:3a,2022-10-01 16:45:52,,,,29.0,0.0,,36,3.27041015624,False,0,29.81396865844,791.15089176681,2038.93626944712,false
l6:3a,2022-10-01 16:46:02,,,,30.0,91.0,,32,3.27128906249,False,0,29.86122817993,791.15089400419,2038.93624668731,false
l6:3a,2022-10-01 16:46:12,,,,40.0,13.0,,36,3.26865234374,False,0,29.89813308715,791.15089428732,2038.93624380726,false
l6:3a,2022-10-01 16:46:22,,,,40.0,21.0,,40,3.27128906249,False,0,29.94871139526,791.15089621347,2038.93622421339,false
l6:3a,2022-10-01 16:46:32,,,,40.0,53.0,,36,3.27128906249,False,0,30.00825042724,791.15089747856,2038.93621134432,false
l6:3a,2022-10-01 16:46:42,,,,40.0,70.0,,36,3.27216796874,False,0,30.05225753784,791.15089849554,2038.93620099905,false
l6:3a,2022-10-01 16:46:52,,,,49.0,36.0,,40,3.27304687499,False,0,30.10330047607,791.15090023305,2038.93618332421,false
l6:3a,2022-10-01 16:47:02,,,,57.0,23.0,,38,3.27041015624,False,0,30.15268402099,791.15089994526,2038.93618625182,false
l6:3a,2022-10-01 16:47:12,,,,41.0,34.0,,36,3.2765625,False,0,30.19974441528,791.15090260715,2038.93615917368,false
l6:3a,2022-10-01 16:47:22,,,,30.0,97.0,,37,3.27304687499,False,0,30.24660568237,791.15090396221,2038.9361453893,false
l6:3a,2022-10-01 16:47:32,,,,35.0,77.0,,36,3.27568359374,False,0,30.28709487915,791.15090511039,2038.93613370941,false
l6:3a,2022-10-01 16:47:42,,,,38.0,66.0,,37,3.2765625,False,0,30.32472991943,791.15090614519,2038.93612318293,false
l6:3a,2022-10-01 16:47:52,,,,51.0,0.0,,35,3.26865234374,False,0,30.3535369873,791.15090668422,2038.93611769967,false
l6:3a,2022-10-01 16:48:02,,,,72.0,69.0,,40,3.27744140624,False,0,30.40132751464,791.15090824425,2038.93610183018,false
l6:3a,2022-10-01 16:48:12,,,,67.0,53.0,,36,3.2765625,False,0,30.44254684448,791.15090911626,2038.93609295965,false
l6:3a,2022-10-01 16:48:22,,,,62.0,49.0,,36,3.2765625,False,0,30.47108840942,791.15091306241,2038.93605281742,false
l6:3a,2022-10-01 16:48:32,,,,45.0,76.0,,41,3.27568359374,False,20,30.50878982543,791.15090845755,2038.93609966041,false
l6:3a,2022-10-01 16:48:42,,,,50.0,71.0,,40,3.26865234374,False,14,30.54330520629,791.15090586616,2038.93612602134,false
l6:3a,2022-10-01 16:48:52,,,,54.0,67.0,,36,3.27128906249,False,0,30.56593933105,791.1509046827,2038.93613806012,false
l6:3a,2022-10-01 16:49:02,,,,47.0,51.0,,36,3.28359374999,False,0,30.60476913452,791.15090497237,2038.93613511347,false
l6:3a,2022-10-01 16:49:12,,,,43.0,50.0,,37,3.26953124999,False,19,30.62846527099,791.15090646644,2038.93611991504,false
l6:3a,2022-10-01 16:49:22,,,,46.0,82.0,,37,3.27304687499,False,11,30.64499282836,791.15090628168,2038.93612179445,false
l6:3a,2022-10-01 16:49:32,,,,49.0,85.0,,37,3.26865234374,False,14,30.66317977905,791.15090739937,2038.93611042479,false
l6:3a,2022-10-01 16:49:42,,,,49.0,100.0,,32,3.27304687499,False,15,30.6616531372,791.15090748759,2038.93610952734,false
l6:3a,2022-10-01 16:49:52,,,,48.0,100.0,,31,3.27744140624,False,13,30.67280426025,791.15090621548,2038.93612246786,false
l6:3a,2022-10-01 16:50:02,,,,53.0,70.0,,36,3.27216796874,False,12,30.6471168518,791.15090742552,2038.93611015875,false
l6:3a,2022-10-01 16:50:12,,,,55.0,46.0,,37,3.27568359374,False,0,30.63410720825,791.15090706563,2038.93611381976,false
l6:3a,2022-10-01 16:50:22,,,,54.0,5.0,,35,3.27392578124,False,6,30.62488098144,791.15091426938,2038.93604053958,false
l6:3a,2022-10-01 16:50:32,,,,60.0,3.0,,36,3.27128906249,False,19,30.59421539306,791.15090025742,2038.93618307628,false
l6:3a,2022-10-01 16:50:42,,,,56.0,8.0,,38,3.27480468749,False,15,30.58956909179,791.15089935397,2038.93619226666,false
l6:3a,2022-10-01 16:50:52,,,,50.0,26.0,,38,3.26953124999,False,12,30.57277603149,791.15089749416,2038.93621118557,false
l6:3a,2022-10-01 16:51:02,,,,42.0,86.0,,36,3.27832031249,False,4,30.57496643066,791.15089723248,2038.93621384758,false
l6:3a,2022-10-01 16:51:12,,,,42.0,91.0,,36,3.27568359374,False,0,30.55186767578,791.15089694614,2038.93621676033,false
l6:3a,2022-10-01 16:51:22,,,,42.0,95.0,,38,3.27216796874,False,0,30.53832702636,791.15089465892,2038.93624002712,false
l6:3a,2022-10-01 16:51:32,,,,45.0,100.0,,33,3.26953124999,False,6,30.52067108154,791.15089650156,2038.93622128286,false
l6:3a,2022-10-01 16:51:42,,,,45.0,92.0,,36,3.27216796874,False,0,30.51230773925,791.15089601162,2038.93622626679,false
l6:3a,2022-10-01 16:51:52,,,,46.0,74.0,,38,3.26777343749,False,0,30.50016098022,791.15089620486,2038.93622430103,false
l6:3a,2022-10-01 16:52:02,,,,41.0,61.0,,34,3.26865234374,False,0,30.50693130493,791.15089627748,2038.93622356234,false
l6:3a,2022-10-01 16:52:12,,,,35.0,99.0,,36,3.26777343749,False,0,30.49903259277,791.15089598275,2038.93622656049,false
l6:3a,2022-10-01 16:52:22,,,,40.0,54.0,,34,3.27480468749,False,0,30.50600204467,791.15089592451,2038.93622715292,false
l6:3a,2022-10-01 16:52:32,,,,40.0,49.0,,37,3.26953124999,False,0,30.51297149658,791.15089617708,2038.93622458365,false
l6:3a,2022-10-01 16:52:42,,,,43.0,64.0,,36,3.27304687499,False,0,30.52472000122,791.15089620623,2038.9362242871,false
l6:3a,2022-10-01 16:52:52,,,,36.0,96.0,,40,3.27216796874,False,0,30.55425720214,791.15089646373,2038.93622166771,false
l6:3a,2022-10-01 16:53:02,,,,49.0,38.0,,35,3.27304687499,False,8,30.55850524902,791.15089506204,2038.93623592635,false
l6:3a,2022-10-01 16:53:12,,,,55.0,52.0,,38,3.27744140624,False,21,30.57377166748,791.15089657406,2038.93622054534,false
l6:3a,2022-10-01 16:53:22,,,,47.0,60.0,,40,3.28359374999,False,18,30.55797424316,791.15090328555,2038.93615227269,false
l6:3a,2022-10-01 16:53:32,,,,48.0,54.0,,37,3.27304687499,False,14,30.56208953857,791.15090766002,2038.93610777331,false
l6:3a,2022-10-01 16:53:42,,,,48.0,54.0,,37,3.27041015624,False,17,30.56627120971,791.15091406008,2038.9360426686,false
l6:3a,2022-10-01 16:53:52,,,,50.0,54.0,,34,3.2765625,False,16,30.55445632934,791.1509104908,2038.93607897717,false
l6:3a,2022-10-01 16:54:02,,,,57.0,70.0,,35,3.27568359374,False,16,30.55565109252,791.15090869376,2038.93609725759,false
l6:3a,2022-10-01 16:54:12,,,,64.0,22.0,,38,3.26513671874,False,10,30.52538375854,791.15090847492,2038.93609948373,false
l6:3a,2022-10-01 16:54:22,,,,52.0,44.0,,40,3.27392578124,False,13,30.51210861206,791.15090902056,2038.93609393325,false
l6:3a,2022-10-01 16:54:32,,,,47.0,73.0,,32,3.27744140624,False,12,30.4775932312,791.15090792714,2038.93610505604,false
l6:3a,2022-10-01 16:54:42,,,,52.0,49.0,,36,3.26777343749,False,9,30.46564559936,791.15090777804,2038.93610657275,false
l6:3a,2022-10-01 16:54:52,,,,58.0,36.0,,37,3.26953124999,False,8,30.43856430053,791.15090292478,2038.93615594263,false
l6:3a,2022-10-01 16:55:02,,,,42.0,40.0,,38,3.27304687499,False,12,30.45104293823,791.15090955553,2038.93608849118,false
l6:3a,2022-10-01 16:55:12,,,,61.0,29.0,,32,3.27744140624,False,11,30.41373977661,791.15091007424,2038.93608321466,false
l6:3a,2022-10-01 16:55:22,,,,66.0,25.0,,36,3.2765625,False,0,30.36103744506,791.15090733955,2038.93611103325,false
l6:3a,2022-10-01 16:55:32,,,,44.0,31.0,,36,3.26953124999,False,20,30.33322601318,791.15090561502,2038.9361285761,false
l6:3a,2022-10-01 16:55:42,,,,32.0,85.0,,36,3.27041015624,False,15,30.33090286254,791.15090620776,2038.93612254647,false
l6:3a,2022-10-01 16:55:52,,,,41.0,68.0,,35,3.26513671874,False,5,30.29207305908,791.15090466825,2038.93613820717,false
l6:3a,2022-10-01 16:56:02,,,,49.0,79.0,,36,3.28007812499,False,0,30.27249221801,791.1509036503,2038.93614856224,false
l6:3a,2022-10-01 16:56:12,,,,47.0,56.0,,36,3.27041015624,False,0,30.26213760375,791.15090386041,2038.93614642486,false
l6:3a,2022-10-01 16:56:22,,,,49.0,60.0,,34,3.27041015624,False,0,30.24554367065,791.15090440657,2038.93614086905,false
l6:3a,2022-10-01 16:56:32,,,,52.0,38.0,,33,3.26689453124,False,0,30.24375152587,791.15090232707,2038.93616202278,false
l6:3a,2022-10-01 16:56:42,,,,47.0,56.0,,35,3.26865234374,False,0,30.25523452758,791.15090412652,2038.93614371792,false
l6:3a,2022-10-01 16:56:52,,,,45.0,79.0,,35,3.2765625,False,0,30.25251312255,791.1509029314,2038.93615587528,false
l6:3a,2022-10-01 16:57:02,,,,47.0,74.0,,32,3.27480468749,False,0,30.28258132934,791.15090434956,2038.93614144898,false
l6:3a,2022-10-01 16:57:12,,,,38.0,66.0,,36,3.27480468749,False,0,30.29340057373,791.15090475011,2038.93613737444,false
l6:3a,2022-10-01 16:57:22,,,,37.0,51.0,,36,3.27392578124,False,0,30.31145477294,791.15090524988,2038.93613229051,false
l6:3a,2022-10-01 16:57:32,,,,50.0,23.0,,34,3.27304687499,False,7,30.31351242065,791.15090531378,2038.93613164047,false
l6:3a,2022-10-01 16:57:42,,,,53.0,25.0,,31,3.27392578124,False,0,30.30660934448,791.15090456544,2038.93613925298,false
l6:3a,2022-10-01 16:57:52,,,,40.0,41.0,,32,3.28095703124,False,0,30.30853424072,791.15090446075,2038.93614031788,false
l6:3a,2022-10-01 16:58:02,,,,42.0,30.0,,34,3.27304687499,False,6,30.32472991943,791.15090837222,2038.93610052847,false
l6:3a,2022-10-01 16:58:22,,,,80.0,0.0,,38,3.27128906249,False,0,30.38811874389,791.15090871891,2038.93609700174,false
l6:3a,2022-10-01 16:58:32,,,,42.0,0.0,,34,3.2765625,False,0,30.41739044189,791.15090919293,2038.93609217973,false
l6:3a,2022-10-01 16:58:42,,,,33.0,100.0,,36,3.27216796874,False,0,30.45223770141,791.15091092652,2038.93607454484,false
l6:3a,2022-10-01 16:58:52,,,,56.0,25.0,,36,3.27216796874,False,0,30.48595657348,791.15090965002,2038.93608752998,false
l6:3a,2022-10-01 16:59:02,,,,59.0,9.0,,36,3.27480468749,False,0,30.51151123046,791.15091236,2038.93605996269,false
l6:3a,2022-10-01 16:59:12,,,,42.0,48.0,,36,3.27480468749,False,0,30.55923538208,791.15091285154,2038.93605496251,false
l6:3a,2022-10-01 16:59:24,,,,,,,34,3.27304687499,False,0,30.63125305175,791.15091668195,2038.93601599765,false
l6:3a,2022-10-01 16:59:34,,,,39.0,0.0,,33,3.27304687499,False,0,30.68176498413,791.15091739166,2038.9360087781,false
l6:3a,2022-10-01 16:59:44,,,,34.0,82.0,,36,3.27128906249,False,0,30.74070663452,791.15091907368,2038.93599166776,false
l6:3a,2022-10-01 16:59:54,,,,40.0,73.0,,35,3.2765625,False,0,30.7807975769,791.15092044214,2038.93597774703,false
l6:3a,2022-10-01 17:00:04,,,,35.0,97.0,,31,3.26865234374,False,0,30.82580032348,791.15092078333,2038.93597427634,false
l6:3a,2022-10-01 17:00:14,,,,44.0,34.0,,35,3.27304687499,False,0,30.88699874877,791.15092222466,2038.93595961439,false
l6:3a,2022-10-01 17:00:24,,,,47.0,20.0,,36,3.27041015624,False,0,30.9212486267,791.15092250596,2038.93595675288,false
l6:3a,2022-10-01 17:00:34,,,,47.0,31.0,,32,3.27480468749,False,0,30.97428283691,791.15092389571,2038.93594261565,false
l6:3a,2022-10-01 17:00:44,,,,35.0,92.0,,32,3.27216796874,False,0,31.03222885131,791.15092773664,2038.93590354374,false
l6:3a,2022-10-01 17:00:54,,,,32.0,92.0,,34,3.27128906249,False,0,31.08240890502,791.15092823322,2038.93589849226,false
l6:3a,2022-10-01 17:01:04,,,,39.0,59.0,,36,3.27392578124,False,0,31.12223434448,791.15092906474,2038.93589003357,false
l6:3a,2022-10-01 17:01:14,,,,43.0,45.0,,36,3.26865234374,False,0,31.15309906005,791.15093048877,2038.93587554765,false
l6:3a,2022-10-01 17:01:24,,,,41.0,82.0,,35,3.27480468749,False,0,31.18084411621,791.15093089047,2038.93587146132,false
l6:3a,2022-10-01 17:01:34,,,,36.0,87.0,,36,3.27216796874,False,0,31.19524765014,791.15093115827,2038.93586873713,false
l6:3a,2022-10-01 17:01:44,,,,31.0,100.0,,35,3.27480468749,False,0,31.23228530883,791.15093166904,2038.93586354132,false
l6:3a,2022-10-01 17:01:54,,,,28.0,0.0,,36,3.27480468749,False,0,31.26321640014,791.1509369776,2038.93580954003,false
l6:3a,2022-10-01 17:02:04,,,,27.0,0.0,,34,3.27216796874,False,0,31.29182434082,791.15093364723,2038.93584341824,false
l6:3a,2022-10-01 17:02:14,,,,28.0,0.0,,34,3.2765625,False,0,31.32381744384,791.15093497517,2038.93582990967,false
l6:3a,2022-10-01 17:02:24,,,,30.0,100.0,,33,3.27216796874,False,0,31.3538192749,791.15093332681,2038.93584667764,false
l6:3a,2022-10-01 17:02:34,,,,33.0,99.0,,34,3.27392578124,False,0,31.37658615112,791.15093610298,2038.93581843706,false
l6:3a,2022-10-01 17:02:44,,,,34.0,88.0,,36,3.27392578124,False,0,31.40273818969,791.1509361928,2038.93581752335,false
l6:3a,2022-10-01 17:02:54,,,,31.0,89.0,,36,3.2765625,False,0,31.42603607177,791.15093770202,2038.9358021708,false
l6:3a,2022-10-01 17:03:04,,,,29.0,0.0,,37,3.27568359374,False,0,31.45670166015,791.15093651824,2038.93581421286,false
l6:3a,2022-10-01 17:03:14,,,,33.0,100.0,,36,3.27832031249,False,0,31.49354019165,791.15093879533,2038.93579104913,false
l6:3a,2022-10-01 17:03:24,,,,39.0,81.0,,33,3.26601562499,False,0,31.52725906372,791.1509403045,2038.93577569702,false
l6:3a,2022-10-01 17:03:34,,,,42.0,57.0,,36,3.27304687499,False,0,31.56157531738,791.15094172083,2038.93576128941,false
l6:3a,2022-10-01 17:03:44,,,,35.0,69.0,,33,3.27480468749,False,0,31.59197540283,791.15094253862,2038.93575297044,false
l6:3a,2022-10-01 17:03:54,,,,36.0,72.0,,37,3.27041015624,False,0,31.62104797363,791.15094314195,2038.93574683312,false
l6:3a,2022-10-01 17:04:04,,,,39.0,78.0,,35,3.26953124999,False,0,31.64859390258,791.15094404635,2038.93573763306,false
l6:3a,2022-10-01 17:04:14,,,,36.0,85.0,,34,3.2765625,False,0,31.67109527587,791.15094412869,2038.93573679545,false
l6:3a,2022-10-01 17:04:27,,,,77.0,0.0,,32,3.27216796874,False,0,31.74749374389,791.15094717331,2038.93570582399,false
l6:3a,2022-10-01 17:04:37,,,,51.0,0.0,,32,3.27832031249,False,0,31.76660995483,791.15094771166,2038.93570034767,false
l6:3a,2022-10-01 17:04:47,,,,35.0,82.0,,32,3.26865234374,False,0,31.78366851806,791.15094681659,2038.93570945281,false
l6:3a,2022-10-01 17:04:57,,,,42.0,74.0,,34,3.27304687499,False,0,31.80928955078,791.15094748537,2038.93570264963,false
l6:3a,2022-10-01 17:05:07,,,,43.0,91.0,,35,3.26953124999,False,0,31.82143630981,791.1510293977,2038.93486939577,false
l6:3a,2022-10-01 17:05:17,,,,41.0,96.0,,30,3.27041015624,False,18,31.86836395263,791.15094832145,2038.93569414457,false
l6:3a,2022-10-01 17:05:29,,,,60.0,0.0,,31,3.27304687499,False,1,31.92332305908,791.15094927643,2038.93568443004,false
l6:3a,2022-10-01 17:05:39,,,,49.0,12.0,,32,3.27392578124,False,0,31.91296844482,791.15094888024,2038.93568846025,false
l6:3a,2022-10-01 17:05:49,,,,49.0,57.0,,30,3.26865234374,False,0,31.92916412353,791.15095062605,2038.93567070104,false
l6:3a,2022-10-01 17:05:59,,,,44.0,10.0,,33,3.27304687499,False,0,31.9411781311,791.15094934828,2038.93568369913,false
l6:3a,2022-10-01 17:06:09,,,,38.0,27.0,,32,3.26777343749,False,0,31.96075897216,791.1509493006,2038.93568418418,false
l6:3a,2022-10-01 17:06:19,,,,44.0,23.0,,35,3.2765625,False,21,31.98040618896,791.15095154335,2038.93566136973,false
l6:3a,2022-10-01 17:06:29,,,,43.0,59.0,,33,3.26865234374,False,17,31.96314849853,791.15095119566,2038.93566490662,false
l6:3a,2022-10-01 17:06:39,,,,43.0,98.0,,32,3.27304687499,False,18,31.92259292602,791.15094836205,2038.9356937316,false
l6:3a,2022-10-01 17:06:49,,,,41.0,99.0,,30,3.27304687499,False,16,31.82687911987,791.15094584911,2038.93571929445,false
l6:3a,2022-10-01 17:06:59,,,,41.0,86.0,,34,3.27128906249,False,14,31.72917404174,791.15094340882,2038.93574411833,false
l6:3a,2022-10-01 17:07:09,,,,45.0,48.0,,34,3.27041015624,False,13,31.60943222045,791.15094081205,2038.93577053404,false
l6:3a,2022-10-01 17:07:19,,,,53.0,54.0,,33,3.27480468749,False,14,31.51478042602,791.15093754541,2038.93580376389,false
l6:3a,2022-10-01 17:07:29,,,,72.0,29.0,,32,3.27041015624,False,6,31.42464218139,791.15093382365,2038.93584162359,false
l6:3a,2022-10-01 17:07:39,,,,75.0,29.0,,33,3.27480468749,False,14,31.3583328247,791.15092993089,2038.93588122269,false
l6:3a,2022-10-01 17:07:49,,,,72.0,3.0,,33,3.27919921874,False,15,31.29514312744,791.15092660201,2038.93591508571,false
l6:3a,2022-10-01 17:07:59,,,,83.0,91.0,,34,3.27216796874,False,12,31.21111145019,791.15092261275,2038.93595566651,false
l6:3a,2022-10-01 17:08:09,,,,77.0,33.0,,36,3.27480468749,False,6,31.12694702148,791.15091913735,2038.93599102009,false
l6:3a,2022-10-01 17:08:19,,,,58.0,47.0,,33,3.27041015624,False,20,31.04411010742,791.15091492226,2038.93603389813,false
l6:3a,2022-10-01 17:08:29,,,,48.0,100.0,,29,3.27041015624,False,16,30.9509185791,791.15091085847,2038.93607523701,false
l6:3a,2022-10-01 17:08:39,,,,50.0,94.0,,32,3.27041015624,False,16,30.85845718383,791.15090614941,2038.93612313999,false
l6:3a,2022-10-01 17:08:49,,,,51.0,89.0,,30,3.26689453124,False,16,30.77303161621,791.15090212665,2038.93616406154,false
l6:3a,2022-10-01 17:08:59,,,,52.0,89.0,,36,3.27304687499,False,16,30.67014923095,791.15089742609,2038.93621187805,false
l6:3a,2022-10-01 17:09:09,,,,49.0,71.0,,33,3.2765625,False,16,30.59043197631,791.15089504123,2038.93623613803,false
l6:3a,2022-10-01 17:09:19,,,,48.0,79.0,,28,3.27568359374,False,16,30.52113571166,791.15089477011,2038.93623889603,false
l6:3a,2022-10-01 17:09:29,,,,53.0,100.0,,32,3.27392578124,False,17,30.4432106018,791.1508855531,2038.93633265617,false
l6:3a,2022-10-01 17:09:39,,,,50.0,82.0,,34,3.26865234374,False,15,30.37212219238,791.15089093858,2038.9362778723,false
l6:3a,2022-10-01 17:09:49,,,,42.0,60.0,,31,3.27128906249,False,2,30.26260223388,791.15088799105,2038.93630785606,false
l6:3a,2022-10-01 17:09:59,,,,39.0,98.0,,33,3.26777343749,False,0,30.18985443115,791.15088449534,2038.9363434162,false
l6:3a,2022-10-01 17:10:09,,,,48.0,52.0,,29,3.26601562499,False,0,30.13330230712,791.15088434316,2038.93634496429,false
l6:3a,2022-10-01 17:10:19,,,,56.0,34.0,,29,3.28359374999,False,0,30.11378784179,791.15088256583,2038.93636304422,false
l6:3a,2022-10-01 17:10:29,,,,46.0,29.0,,34,3.2765625,False,0,30.07509078979,791.15088250526,2038.9363636603,false
l6:3a,2022-10-01 17:10:39,,,,38.0,68.0,,35,3.27304687499,False,0,30.00035171508,791.15088035993,2038.93638548369,false
l6:3a,2022-10-01 17:10:49,,,,47.0,92.0,,34,3.26865234374,False,0,29.96842498779,791.15087915234,2038.9363977679,false
l6:3a,2022-10-01 17:10:59,,,,50.0,82.0,,34,3.27041015624,False,0,29.90689468383,791.15087844647,2038.93640494838,false
l6:3a,2022-10-01 17:11:09,,,,46.0,63.0,,33,3.27480468749,False,0,29.88127365112,791.15087777189,2038.93641181061,false
l6:3a,2022-10-01 17:11:19,,,,36.0,66.0,,34,3.27128906249,False,0,29.83268661499,791.15087703819,2038.93641927419,false
l6:3a,2022-10-01 17:11:29,,,,31.0,70.0,,33,3.2765625,False,0,29.79651184082,791.15087547211,2038.93643520512,false
l6:3a,2022-10-01 17:11:39,,,,31.0,69.0,,31,3.27304687499,False,0,29.74865493774,791.15087418265,2038.93644832214,false
l6:3a,2022-10-01 17:11:49,,,,30.0,91.0,,31,3.27392578124,False,0,29.70796661376,791.15087201029,2038.93647042053,false
l6:3a,2022-10-01 17:11:59,,,,37.0,81.0,,29,3.27128906249,False,0,29.66236648559,791.15087138096,2038.93647682237,false
l6:3a,2022-10-01 17:12:09,,,,45.0,82.0,,31,3.27392578124,False,0,29.62360305786,791.1508703163,2038.93648765262,false
l6:3a,2022-10-01 17:12:19,,,,40.0,100.0,,27,3.27304687499,False,0,29.5936012268,791.15087006652,2038.93649019348,false
l6:3a,2022-10-01 17:12:29,,,,39.0,86.0,,35,3.27568359374,False,0,29.57853393554,791.15086981319,2038.93649277058,false
l6:3a,2022-10-01 17:12:39,,,,37.0,76.0,,35,3.2765625,False,0,29.55211639404,791.15086953709,2038.93649557912,false
l6:3a,2022-10-01 17:12:49,,,,38.0,61.0,,32,3.27128906249,False,0,29.54136352539,791.15086848589,2038.9365062725,false
l6:3a,2022-10-01 17:12:59,,,,53.0,44.0,,35,3.27304687499,False,7,29.52868576049,791.15086790695,2038.9365121618,false
l6:3a,2022-10-01 17:13:09,,,,59.0,58.0,,34,3.27568359374,False,0,29.50578613281,791.15086730452,2038.93651828996,false
l6:3a,2022-10-01 17:13:19,,,,56.0,28.0,,30,3.27128906249,False,0,29.50498962402,791.15086916132,2038.93649940164,false
l6:3a,2022-10-01 17:13:29,,,,56.0,21.0,,32,3.2765625,False,0,29.50054244995,791.15086838456,2038.93650730332,false
l6:3a,2022-10-01 17:13:39,,,,50.0,43.0,,32,3.26865234374,False,7,29.45607070922,791.1508667256,2038.93652417906,false
l6:3a,2022-10-01 17:13:49,,,,57.0,49.0,,33,3.2765625,False,0,29.44193267822,791.15086640388,2038.93652745178,false
l6:3a,2022-10-01 17:13:59,,,,50.0,56.0,,29,3.26865234374,False,0,29.42235183715,791.15086460502,2038.93654575067,false
l6:3a,2022-10-01 17:14:09,,,,48.0,14.0,,33,3.27216796874,False,0,29.38212814331,791.15086341331,2038.93655787341,false
l6:3a,2022-10-01 17:14:19,,,,31.0,90.0,,29,3.26865234374,False,0,29.32995681762,791.15086162832,2038.93657603118,false
l6:3a,2022-10-01 17:14:29,,,,28.0,0.0,,26,3.27392578124,False,0,29.28203353881,791.15086159138,2038.93657640699,false
l6:3a,2022-10-01 17:14:39,,,,28.0,0.0,,34,3.26865234374,False,0,29.22607879638,791.15085926635,2038.9366000583,false
l6:3a,2022-10-01 17:14:49,,,,38.0,75.0,,32,3.27744140624,False,0,29.16468124389,791.1508580272,2038.93661266358,false
l6:3a,2022-10-01 17:14:59,,,,48.0,45.0,,33,3.27744140624,False,0,29.1131072998,791.1508566479,2038.93662669452,false
l6:3a,2022-10-01 17:15:09,,,,48.0,65.0,,28,3.27480468749,False,0,29.07713165283,791.15085636818,2038.93662953998,false
l6:3a,2022-10-01 17:15:19,,,,43.0,82.0,,25,3.27919921874,False,0,29.0236328125,791.15085162589,2038.93667778101,false
l6:3a,2022-10-01 17:15:29,,,,57.0,61.0,,33,3.27392578124,False,0,28.95811996459,791.15085284183,2038.93666541184,false
l6:3a,2022-10-01 17:15:39,50.912459,8.026242,303.0,58.0,32.0,,34,3.27392578124,False,0,28.90880279541,791.15085292415,2038.93666457441,false
l6:3a,2022-10-01 17:15:49,50.912439,8.026161,312.0,51.0,26.0,,28,3.27744140624,False,0,28.83904190063,791.15084859315,2038.93670863157,false
l6:3a,2022-10-01 17:15:59,50.912468,8.026119,317.0,39.0,58.0,,28,3.2765625,False,0,28.75985565185,791.15084673449,2038.93672753877,false
l6:3a,2022-10-01 17:16:09,50.912483,8.026092,324.0,45.0,79.0,,28,3.27744140624,False,0,28.69168777465,791.15084574046,2038.93673765062,false
l6:3a,2022-10-01 17:16:19,50.912505,8.026128,327.0,49.0,61.0,,34,3.27480468749,False,0,28.61874084472,791.15084385622,2038.93675681802,false
l6:3a,2022-10-01 17:16:29,50.912545,8.026158,333.0,53.0,32.0,,28,3.26601562499,False,0,28.55694503784,791.15084198671,2038.93677583565,false
l6:3a,2022-10-01 17:16:39,50.912573,8.026113,339.0,43.0,33.0,,32,3.2765625,False,0,28.50656585693,791.15084045301,2038.93679143719,false
l6:3a,2022-10-01 17:16:49,50.912574,8.026032,345.0,35.0,75.0,,30,3.27568359374,False,0,28.4553237915,791.15083971794,2038.9367989147,false
l6:3a,2022-10-01 17:16:59,50.912536,8.025983,349.0,38.0,72.0,,32,3.26425781249,False,0,28.41058654785,791.15083899867,2038.93680623154,false
l6:3a,2022-10-01 17:17:09,50.912494,8.025909,353.0,41.0,70.0,,34,3.27392578124,False,0,28.35589294433,791.15083489693,2038.93684795647,false
l6:3a,2022-10-01 17:17:30,50.912416,8.025793,360.0,,,,30,3.27744140624,False,0,28.3191871643,791.15083489126,2038.93684801415,false
l6:3a,2022-10-01 17:17:40,50.912389,8.025713,366.0,37.0,0.0,,33,3.27480468749,False,0,28.28155212402,791.15083645764,2038.93683208019,false
l6:3a,2022-10-01 17:17:50,50.912375,8.025651,370.0,31.0,97.0,,29,3.27568359374,False,0,28.23820877075,791.15083493653,2038.93684755363,false
l6:3a,2022-10-01 17:18:00,50.912374,8.025633,373.0,38.0,41.0,,29,3.26865234374,False,0,28.19838333129,791.15083308655,2038.93686637263,false
l6:3a,2022-10-01 17:18:10,50.912358,8.025587,374.0,45.0,32.0,,33,3.27216796874,False,0,28.15523910522,791.15083142663,2038.93688325815,false
l6:3a,2022-10-01 17:18:20,50.912349,8.025561,375.0,47.0,24.0,,34,3.27304687499,False,0,28.1226486206,791.15082991203,2038.93689866546,false
l6:3a,2022-10-01 17:18:30,50.912349,8.025548,377.0,39.0,69.0,,31,3.27216796874,False,0,28.10326690673,791.15082913858,2038.93690653333,false
l6:3a,2022-10-01 17:18:40,50.912353,8.025543,382.0,54.0,27.0,,31,3.27216796874,False,0,28.08474807739,791.15082959572,2038.93690188309,false
l6:3a,2022-10-01 17:18:50,50.912349,8.025563,383.0,56.0,18.0,,32,3.27041015624,False,0,28.08328781127,791.1508298121,2038.93689968201,false
l6:3a,2022-10-01 17:19:00,50.912356,8.025571,385.0,48.0,29.0,,30,3.26777343749,False,0,28.08965988159,791.15082924562,2038.93690544452,false
l6:3a,2022-10-01 17:19:10,50.912373,8.025571,387.0,41.0,63.0,,25,3.27480468749,False,10,28.11348876953,791.15083241879,2038.93687316536,false
l6:3a,2022-10-01 17:19:20,50.912291,8.025869,334.0,35.0,86.0,,32,3.27304687499,False,0,28.14979629516,791.15083184376,2038.9368790149,false
l6:3a,2022-10-01 17:19:30,50.91218,8.026393,226.0,36.0,83.0,,32,3.27128906249,False,0,28.18809509277,791.15083399075,2038.93685717458,false
l6:3a,2022-10-01 17:19:40,50.912129,8.026714,151.0,32.0,81.0,,24,3.27216796874,False,0,28.23608474731,791.15083533428,2038.93684350758,false
l6:3a,2022-10-01 17:19:50,50.912054,8.027071,98.0,31.0,83.0,,30,3.27041015624,False,0,28.27896347045,791.15083583386,2038.93683842558,false
l6:3a,2022-10-01 17:20:00,50.911986,8.027364,60.0,30.0,90.0,,29,3.27832031249,False,0,28.30743865966,791.15083533784,2038.93684347135,false
l6:3a,2022-10-01 17:20:10,50.911986,8.027346,57.0,31.0,93.0,,29,3.2765625,False,0,28.34779510498,791.1508377007,2038.9368194351,false
l6:3a,2022-10-01 17:20:20,50.912034,8.027005,68.0,44.0,55.0,,33,3.27744140624,False,0,28.36976547241,791.15084095937,2038.93678628625,false
l6:3a,2022-10-01 17:20:30,50.912116,8.026767,91.0,48.0,49.0,,35,3.27128906249,False,0,28.4456993103,791.15084716144,2038.93672319568,false
l6:3a,2022-10-01 17:20:40,50.9122,8.026294,99.0,38.0,39.0,,28,3.26777343749,False,0,28.50311431884,791.15086017187,2038.93659084696,false
l6:3a,2022-10-01 17:20:50,50.912374,8.025492,105.0,37.0,85.0,,26,3.27304687499,False,0,28.57048568725,791.15086338209,2038.9365581909,false
l6:3a,2022-10-01 17:21:00,50.912761,8.025029,107.0,54.0,34.0,,29,3.27128906249,False,0,28.64091033935,791.15087620386,2038.93642776139,false
l6:3a,2022-10-01 17:21:10,50.913213,8.024374,108.0,54.0,36.0,,28,3.26865234374,False,0,28.72553939819,791.15087283545,2038.93646202656,false
l6:3a,2022-10-01 17:21:20,50.913734,8.024424,109.0,53.0,40.0,,29,3.26513671874,False,0,28.81454925537,791.15086083275,2038.93658412409,false
l6:3a,2022-10-01 17:21:30,50.914123,8.025724,109.0,48.0,44.0,,31,3.27216796874,False,0,28.88656692504,791.15084426683,2038.93675264109,false
l6:3a,2022-10-01 17:21:40,50.914412,8.027515,110.0,56.0,45.0,,28,3.26601562499,False,0,28.96104049682,791.15083663681,2038.93683025751,false
l6:3a,2022-10-01 17:21:50,50.914653,8.029476,110.0,58.0,45.0,,28,3.2765625,False,0,29.01573410034,791.15082749721,2038.93692323021,false
l6:3a,2022-10-01 17:22:00,50.915154,8.031315,110.0,45.0,75.0,,32,3.27216796874,False,0,29.08994216918,791.15082651375,2038.93693323449,false
l6:3a,2022-10-01 17:22:10,50.915575,8.033018,110.0,45.0,54.0,,29,3.26953124999,False,0,29.14861831665,791.15083077478,2038.9368898891,false
l6:3a,2022-10-01 17:22:20,50.915887,8.034181,111.0,50.0,24.0,,33,3.2765625,False,0,29.20669708251,791.1508417822,2038.93677791605,false
l6:3a,2022-10-01 17:22:30,50.915655,8.034196,111.0,39.0,60.0,,28,3.27128906249,False,0,29.2660369873,791.15086833178,2038.93650784019,false
l6:3a,2022-10-01 17:22:40,50.915187,8.033209,110.0,39.0,54.0,,29,3.27041015624,False,0,29.34276733398,791.15090135034,2038.93617195859,false
l6:3a,2022-10-01 17:22:50,50.914571,8.031809,110.0,45.0,29.0,,30,3.2765625,False,0,29.43635711669,791.15092042096,2038.93597796255,false
l6:3a,2022-10-01 17:23:00,50.914011,8.030478,110.0,54.0,31.0,,29,3.26162109374,False,0,29.50180358886,791.15094200737,2038.93575837455,false
l6:3a,2022-10-01 17:23:10,50.913482,8.029476,110.0,60.0,24.0,,31,3.27480468749,False,0,29.56101074218,791.15096094373,2038.9355657443,false
l6:3a,2022-10-01 17:23:20,50.912579,8.029167,110.0,54.0,5.0,,28,3.28007812499,False,0,29.63667907714,791.15098240024,2038.93534747783,false
l6:3a,2022-10-01 17:23:30,50.911507,8.029613,110.0,46.0,0.0,,30,3.27744140624,False,0,29.73345489501,791.15099359589,2038.93523358998,false
l6:3a,2022-10-01 17:23:40,50.910871,8.030002,109.0,74.0,69.0,,32,3.2765625,False,0,29.80295028686,791.15099510821,2038.93521820591,false
l6:3a,2022-10-01 17:23:50,50.910756,8.030039,108.0,58.0,52.0,,27,3.26953124999,False,0,29.88087539672,791.15099934222,2038.93517513535,false
l6:3a,2022-10-01 17:24:00,50.910593,8.029984,108.0,63.0,32.0,,29,3.27041015624,False,0,29.98043899536,791.15100154908,2038.93515268603,false
l6:3a,2022-10-01 17:24:10,50.910447,8.030101,107.0,60.0,29.0,,33,3.2765625,False,0,30.04243392944,791.15100357069,2038.93513212127,false
l6:3a,2022-10-01 17:24:20,50.910266,8.030314,106.0,56.0,38.0,,27,3.27041015624,False,0,30.11624374389,791.15100541954,2038.93511331376,false
l6:3a,2022-10-01 17:24:30,50.910108,8.030468,106.0,67.0,19.0,,32,3.27216796874,False,0,30.19689025878,791.15100515068,2038.93511604877,false
l6:3a,2022-10-01 17:24:40,50.909721,8.030729,109.0,53.0,49.0,,32,3.27216796874,False,0,30.27262496948,791.15100546095,2038.93511289252,false
l6:3a,2022-10-01 17:24:50,50.908673,8.030527,111.0,65.0,43.0,,29,3.27392578124,False,0,30.3510810852,791.15101181748,2038.93504823069,false
l6:3a,2022-10-01 17:25:00,50.907406,8.030257,111.0,69.0,32.0,,26,3.26865234374,False,0,30.41553192138,791.1510158724,2038.93500698195,false
l6:3a,2022-10-01 17:25:10,50.906658,8.030539,111.0,63.0,0.0,,31,3.26777343749,False,0,30.50228500366,791.15101050631,2038.93506156857,false
l6:3a,2022-10-01 17:25:20,50.906307,8.030212,108.0,71.0,26.0,,35,3.27216796874,False,0,30.58326339721,791.15099901745,2038.93517843909,false
l6:3a,2022-10-01 17:25:30,50.905739,8.030112,105.0,53.0,30.0,,35,3.27480468749,False,0,30.65461730957,791.15100071426,2038.93516117827,false
l6:3a,2022-10-01 17:25:40,50.905618,8.030176,102.0,49.0,71.0,,30,3.27392578124,False,0,30.71369171142,791.15099999764,2038.93516846815,false
l6:3a,2022-10-01 17:25:50,50.905401,8.030205,101.0,71.0,33.0,,30,3.2765625,False,0,30.79055480957,791.1509964473,2038.93520458396,false
l6:3a,2022-10-01 17:26:00,50.904983,8.029405,104.0,75.0,37.0,,33,3.27128906249,False,0,30.84571304321,791.15099178279,2038.93525203374,false
l6:3a,2022-10-01 17:26:10,50.905286,8.028236,106.0,56.0,25.0,,30,3.27480468749,False,0,30.88699874877,791.1509913782,2038.93525614942,false
l6:3a,2022-10-01 17:26:20,50.905842,8.026941,107.0,52.0,34.0,,33,3.26953124999,False,0,30.95795440673,791.15099922461,2038.93517633179,false
l6:3a,2022-10-01 17:26:30,50.906111,8.024964,108.0,47.0,23.0,,31,3.26953124999,False,0,31.01092224121,791.15102601372,2038.93490381936,false
l6:3a,2022-10-01 17:26:40,50.906339,8.023332,109.0,55.0,29.0,,33,3.2765625,False,0,31.05924377441,791.15104653856,2038.93469503028,false
l6:3a,2022-10-01 17:26:50,50.906368,8.022567,109.0,46.0,54.0,,26,3.26953124999,False,0,31.09953384399,791.15106523885,2038.93450480138,false
l6:3a,2022-10-01 17:27:00,50.90552,8.022582,104.0,40.0,78.0,,31,3.26865234374,False,0,31.14685974121,791.15109360791,2038.93421621696,false
l6:3a,2022-10-01 17:27:10,50.904383,8.023102,99.0,36.0,97.0,,26,3.27041015624,False,0,31.17706069946,791.15110806091,2038.9340691937,false
l6:3a,2022-10-01 17:27:20,50.903282,8.023232,80.0,46.0,54.0,,28,3.27304687499,False,0,31.24808273315,791.15111150093,2038.93403420013,false
l6:3a,2022-10-01 17:27:30,50.902376,8.024105,81.0,43.0,45.0,,26,3.27832031249,False,0,31.2735710144,791.15112969192,2038.93384915219,false
l6:3a,2022-10-01 17:27:40,50.901799,8.024546,115.0,37.0,55.0,,30,3.27480468749,False,0,31.31844100952,791.15113513927,2038.93379373891,false
l6:3a,2022-10-01 17:27:50,50.902027,8.023722,164.0,45.0,53.0,,33,3.27216796874,False,0,31.36988220214,791.15113378624,2038.9338075026,false
l6:3a,2022-10-01 17:28:00,50.902859,8.022483,133.0,48.0,54.0,,26,3.27041015624,False,0,31.43254089355,791.15113509916,2038.93379414695,false
l6:3a,2022-10-01 17:28:10,50.903657,8.021318,49.0,49.0,44.0,,28,3.26953124999,False,0,31.46307373046,791.15113698808,2038.93377493189,false
l6:3a,2022-10-01 17:28:20,50.904506,8.02012,58.0,61.0,40.0,,36,3.2765625,False,0,31.52035598754,791.15113820447,2038.93376255822,false
l6:3a,2022-10-01 17:28:30,50.904777,8.019753,65.0,69.0,30.0,,29,3.27480468749,False,0,31.56987228393,791.15113938889,2038.93375050965,false
l6:3a,2022-10-01 17:28:40,50.904735,8.019769,74.0,51.0,46.0,,28,3.26865234374,False,0,31.59967498779,791.15113978347,2038.93374649577,false
l6:3a,2022-10-01 17:28:50,50.904956,8.019401,75.0,43.0,38.0,,33,3.28007812499,False,0,31.61978683471,791.15114042681,2038.93373995138,false
l6:3a,2022-10-01 17:29:00,50.905167,8.019093,66.0,53.0,19.0,,28,3.26953124999,False,0,31.66080703735,791.151141612,2038.93372789502,false
l6:3a,2022-10-01 17:29:10,50.905418,8.018578,50.0,48.0,42.0,,29,3.27216796874,False,0,31.70116348266,791.15114274631,2038.93371635626,false
l6:3a,2022-10-01 17:29:20,50.905734,8.018232,50.0,45.0,64.0,,34,3.27744140624,False,0,31.74749374389,791.15114359657,2038.933707707,false
l6:3a,2022-10-01 17:29:30,50.905865,8.017946,48.0,37.0,91.0,,26,3.26689453124,False,0,31.78712005615,791.15114417973,2038.9337017748,false
l6:3a,2022-10-01 17:29:40,50.905916,8.01737,46.0,45.0,65.0,,33,3.27041015624,False,0,31.84420318603,791.15114595585,2038.93368370717,false
l6:3a,2022-10-01 17:29:50,,,,40.0,71.0,,29,3.26777343749,False,0,31.8975692749,791.15114731912,2038.93366983932,false
l6:3a,2022-10-01 17:30:00,,,,41.0,23.0,,28,3.27744140624,False,0,31.93268203735,791.15114821945,2038.93366068075,false
l6:3a,2022-10-01 17:30:10,,,,49.0,17.0,,27,3.27304687499,False,0,31.9604270935,791.15114990432,2038.93364354136,false
l6:3a,2022-10-01 17:30:20,,,,45.0,8.0,,26,3.2765625,False,0,31.99520797729,791.15114965902,2038.93364603672,false
l6:3a,2022-10-01 17:30:30,,,,45.0,0.0,,31,3.2765625,False,0,32.0285949707,791.15115084392,2038.93363398331,false
l6:3a,2022-10-01 17:30:40,,,,62.0,12.0,,28,3.26689453124,False,0,32.06390686035,791.1511513429,2038.93362890738,false
l6:3a,2022-10-01 17:30:50,,,,58.0,8.0,,35,3.27041015624,False,0,32.08800125122,791.15114915521,2038.93365116171,false
l6:3a,2022-10-01 17:31:00,,,,50.0,13.0,,32,3.26953124999,False,0,32.13672103881,791.15114208288,2038.93372310505,false
l6:3a,2022-10-01 17:31:10,,,,43.0,65.0,,31,3.26865234374,False,0,32.19081726074,791.1511408206,2038.93373594559,false
l6:3a,2022-10-01 17:31:20,50.903159,8.017266,47.0,45.0,100.0,,31,3.26953124999,False,0,32.22500076293,791.1511359162,2038.93378583566,false
l6:3a,2022-10-01 17:31:30,50.901531,8.018928,44.0,42.0,93.0,,28,3.26953124999,False,0,32.26316680908,791.1511288424,2038.93385779391,false
l6:3a,2022-10-01 17:31:40,50.899906,8.021188,44.0,37.0,81.0,,26,3.27480468749,False,0,32.30551452636,791.15111928473,2038.9339550194,false
l6:3a,2022-10-01 17:31:50,50.898531,8.023788,44.0,52.0,12.0,,32,3.26865234374,False,0,32.34753036499,791.15112083701,2038.93393922874,false
l6:3a,2022-10-01 17:32:00,50.896869,8.025719,44.0,44.0,16.0,,29,3.27216796874,False,0,32.37042999267,791.15113203354,2038.93382533199,false
l6:3a,2022-10-01 17:32:10,50.894873,8.025988,44.0,46.0,16.0,,28,3.27216796874,False,0,32.39970169067,791.15113708924,2038.93377390288,false
l6:3a,2022-10-01 17:32:20,50.892908,8.025905,43.0,46.0,23.0,,29,3.2765625,False,0,32.41231307983,791.1511454544,2038.93368880818,false
l6:3a,2022-10-01 17:32:30,50.890944,8.025778,44.0,49.0,23.0,,31,3.27041015624,False,0,32.41888427734,791.15114915087,2038.9336512058,false
l6:3a,2022-10-01 17:32:40,50.889174,8.026435,51.0,53.0,13.0,,29,3.26865234374,False,0,32.44052276611,791.15115098558,2038.93363254223,false
l6:3a,2022-10-01 17:32:50,50.887739,8.026946,66.0,49.0,23.0,,26,3.26865234374,False,0,32.47669754028,791.15114983182,2038.93364427886,false
l6:3a,2022-10-01 17:33:00,50.886966,8.025236,218.0,45.0,16.0,,27,3.27041015624,False,0,32.49382247924,791.15115165436,2038.93362573905,false
l6:3a,2022-10-01 17:33:10,50.885103,8.025201,221.0,56.0,0.0,,31,3.27216796874,False,0,32.51526184082,791.15115517629,2038.93358991221,false
l6:3a,2022-10-01 17:33:20,50.882909,8.025387,91.0,67.0,0.0,,28,3.27128906249,False,0,32.55827331542,791.15116009377,2038.93353988918,false
l6:3a,2022-10-01 17:33:30,50.881069,8.024952,59.0,47.0,18.0,,29,3.27216796874,False,0,32.56404800415,791.1511655483,2038.93348440286,false
l6:3a,2022-10-01 17:33:40,50.879533,8.023079,31.0,58.0,10.0,,33,3.27480468749,False,0,32.58236770629,791.15117230505,2038.93341566977,false
l6:3a,2022-10-01 17:33:50,50.878277,8.020751,20.0,44.0,30.0,,29,3.2765625,False,0,32.60805511474,791.1511849104,2038.93328744178,false
l6:3a,2022-10-01 17:34:00,50.877358,8.019503,15.0,40.0,69.0,,29,3.26777343749,False,0,32.62119750976,791.15119448273,2038.9331900672,false
l6:3a,2022-10-01 17:34:10,50.876805,8.019331,13.0,50.0,49.0,,33,3.26953124999,False,0,32.65378799438,791.1511966505,2038.9331680156,false
l6:3a,2022-10-01 17:34:20,50.876637,8.019872,12.0,58.0,44.0,,32,3.27128906249,False,0,32.6837234497,791.15119351717,2038.93319988942,false
l6:3a,2022-10-01 17:34:30,50.877984,8.021582,41.0,58.0,12.0,,27,3.2765625,False,0,32.71916809082,791.1511925799,2038.93320942376,false
l6:3a,2022-10-01 17:34:40,50.877884,8.021558,38.0,68.0,37.0,,32,3.27304687499,False,0,32.74711227416,791.15119074336,2038.93322810602,false
l6:3a,2022-10-01 17:34:50,50.877304,8.021273,93.0,85.0,100.0,,30,3.26601562499,False,0,32.77518920898,791.15119236604,2038.93321159932,false
l6:3a,2022-10-01 17:35:00,50.876935,8.021497,38.0,76.0,26.0,,29,3.27744140624,False,0,32.80525741577,791.15119106311,2038.93322485331,false
l6:3a,2022-10-01 17:35:10,50.876824,8.021533,26.0,51.0,31.0,,31,3.27216796874,False,0,32.83253784179,791.15119365834,2038.93319845339,false
l6:3a,2022-10-01 17:35:20,50.876495,8.021536,13.0,36.0,50.0,,26,3.27216796874,False,0,32.88816070556,791.1511920215,2038.93321510416,false
l6:3a,2022-10-01 17:35:30,50.876379,8.021519,14.0,42.0,76.0,,33,3.27216796874,False,0,32.91185684204,791.15119282793,2038.93320690073,false
l6:3a,2022-10-01 17:35:40,50.876288,8.021459,20.0,37.0,76.0,,32,3.27392578124,False,0,32.92035293579,791.15119468485,2038.93318801122,false
l6:3a,2022-10-01 17:35:50,50.876233,8.021421,27.0,38.0,81.0,,30,3.27304687499,False,0,32.96163864135,791.15119583627,2038.93317629833,false
l6:3a,2022-10-01 17:36:00,50.876195,8.021364,38.0,33.0,91.0,,26,3.26953124999,False,0,32.97902908325,791.15119571863,2038.93317749505,false
l6:3a,2022-10-01 17:36:10,50.876164,8.021328,46.0,31.0,92.0,,31,3.2765625,False,0,32.99821166992,791.1511975976,2038.93315838117,false
l6:3a,2022-10-01 17:36:20,50.875942,8.021519,0.0,32.0,91.0,,30,3.27744140624,False,0,33.02184143066,791.15119863235,2038.93314785525,false
l6:3a,2022-10-01 17:36:30,50.875784,8.021549,-10.0,54.0,59.0,,24,3.27568359374,False,0,33.05104675292,791.15119931253,2038.93314093605,false
l6:3a,2022-10-01 17:36:40,50.875617,8.021527,-13.0,59.0,74.0,,31,3.27216796874,False,0,33.0651184082,791.15119842262,2038.9331499887,false
l6:3a,2022-10-01 17:36:50,50.875241,8.021403,-15.0,52.0,42.0,,31,3.27568359374,False,0,33.10686874389,791.15119871655,2038.93314699863,false
l6:3a,2022-10-01 17:37:00,50.874826,8.021185,-15.0,43.0,66.0,,25,3.2765625,False,0,33.1255203247,791.15119924845,2038.93314158794,false
l6:3a,2022-10-01 17:37:10,50.874612,8.0206,-16.0,41.0,54.0,,33,3.27568359374,False,0,33.17696151733,791.15120067788,2038.93312704699,false
l6:3a,2022-10-01 17:37:20,50.874611,8.019708,-16.0,39.0,50.0,,25,3.27041015624,False,0,33.20039215087,791.15120061494,2038.93312768733,false
l6:3a,2022-10-01 17:37:30,50.874474,8.019262,-16.0,34.0,80.0,,31,3.27392578124,False,0,33.22687606811,791.15120064618,2038.93312736947,false
l6:3a,2022-10-01 17:37:40,50.874237,8.018951,-17.0,36.0,86.0,,30,3.2765625,False,0,33.23762893676,791.15120130544,2038.93312066317,false
l6:3a,2022-10-01 17:37:50,50.874021,8.018719,-17.0,41.0,57.0,,28,3.27216796874,False,6,33.24605865478,791.15120396587,2038.93309359993,false
l6:3a,2022-10-01 17:38:00,50.874211,8.018691,-17.0,40.0,56.0,,29,3.27568359374,False,10,33.26324996948,791.15120154565,2038.93311821964,false
l6:3a,2022-10-01 17:38:10,50.874309,8.018684,-19.0,34.0,95.0,,33,3.2765625,False,13,33.27274169921,791.15120156111,2038.93311806241,false
l6:3a,2022-10-01 17:38:20,50.874245,8.018621,-20.0,37.0,70.0,,31,3.26953124999,False,15,33.25608139038,791.15120146205,2038.93311907002,false
l6:3a,2022-10-01 17:38:30,50.874358,8.018434,-20.0,46.0,92.0,,28,3.27832031249,False,7,33.19786987304,791.15120067174,2038.9331271095,false
l6:3a,2022-10-01 17:38:42,50.874785,8.018172,-10.0,67.0,0.0,,29,3.27304687499,False,20,33.14072036743,791.15119876837,2038.93314647157,false
l6:3a,2022-10-01 17:38:52,50.874917,8.017925,14.0,48.0,59.0,,29,3.27392578124,False,15,33.10208969116,791.1511984386,2038.93314982609,false
l6:3a,2022-10-01 17:39:02,50.875025,8.017659,57.0,49.0,67.0,,29,3.27568359374,False,7,33.06578216552,791.15119513419,2038.93318344029,false
l6:3a,2022-10-01 17:39:12,50.875356,8.017206,141.0,39.0,77.0,,33,3.27832031249,False,0,32.99934005737,791.15119441348,2038.93319077168,false
l6:3a,2022-10-01 17:39:22,50.875561,8.016869,211.0,41.0,54.0,,28,3.27392578124,False,0,32.9559967041,791.15119320597,2038.93320305509,false
l6:3a,2022-10-01 17:39:32,50.875559,8.016822,214.0,40.0,23.0,,28,3.27304687499,False,0,32.93176956176,791.15119197548,2038.93321557228,false
l6:3a,2022-10-01 17:39:43,50.875569,8.016789,214.0,,,,28,3.27480468749,False,0,32.9121887207,791.15119171379,2038.9332182343,false
l6:3a,2022-10-01 17:39:53,50.875569,8.01676,216.0,44.0,0.0,,28,3.27216796874,False,0,32.88962097167,791.15119103109,2038.93322517904,false
l6:3a,2022-10-01 17:40:03,50.875562,8.016744,218.0,34.0,82.0,,30,3.27304687499,False,0,32.89904632568,791.15119142532,2038.93322116876,false
l6:3a,2022-10-01 17:40:13,50.875553,8.016727,223.0,42.0,100.0,,32,3.27216796874,False,0,32.87674407958,791.15119075962,2038.93322794064,false
l6:3a,2022-10-01 17:40:23,50.875541,8.016714,227.0,43.0,100.0,,29,3.27216796874,False,0,32.85789337158,791.15119050799,2038.9332305003,false
l6:3a,2022-10-01 17:40:33,50.875518,8.016686,231.0,47.0,100.0,,23,3.26865234374,False,0,32.83758239746,791.1511899818,2038.93323585293,false
l6:3a,2022-10-01 17:40:43,50.875513,8.016684,233.0,46.0,100.0,,26,3.26865234374,False,0,32.81448364257,791.15118957535,2038.93323998755,false
l6:3a,2022-10-01 17:40:53,50.875509,8.016673,233.0,44.0,100.0,,29,3.2765625,False,0,32.79231414794,791.15118881877,2038.93324768388,false
l6:3a,2022-10-01 17:41:03,50.875505,8.016646,234.0,41.0,87.0,,29,3.27919921874,False,0,32.75706863403,791.15118815463,2038.93325443983,false
l6:3a,2022-10-01 17:41:13,50.875499,8.016613,236.0,40.0,75.0,,26,3.28007812499,False,0,32.69573745727,791.15118709034,2038.93326526639,false
l6:3a,2022-10-01 17:41:23,50.875491,8.01659,237.0,38.0,93.0,,25,3.27216796874,False,0,32.64562377929,791.15118502876,2038.9332862378,false
l6:3a,2022-10-01 17:41:33,50.875467,8.016548,237.0,41.0,81.0,,27,3.27392578124,False,0,32.5698890686,791.1511826046,2038.93331089754,false
l6:3a,2022-10-01 17:41:43,50.875442,8.016509,239.0,45.0,97.0,,25,3.27304687499,False,0,32.5068321228,791.15118081027,2038.9333291504,false
l6:3a,2022-10-01 17:41:53,50.875444,8.016504,238.0,44.0,94.0,,31,3.26953124999,False,0,32.45379791259,791.15117857276,2038.93335191153,false
l6:3a,2022-10-01 17:42:03,50.875432,8.016497,236.0,41.0,97.0,,28,3.27568359374,False,0,32.40879516601,791.15117820539,2038.93335564857,false
l6:3a,2022-10-01 17:42:13,50.875393,8.016544,229.0,38.0,81.0,,26,3.27392578124,False,0,32.36412429809,791.15117715641,2038.93336631932,false
l6:3a,2022-10-01 17:42:23,50.875387,8.016573,226.0,47.0,78.0,,28,3.28359374999,False,0,32.31241760253,791.15117579366,2038.93338018193,false
l6:3a,2022-10-01 17:42:33,50.875401,8.016587,226.0,53.0,57.0,,33,3.26865234374,False,0,32.27312316894,791.15117510329,2038.93338720471,false
l6:3a,2022-10-01 17:42:43,50.875411,8.016594,228.0,52.0,72.0,,24,3.27480468749,False,0,32.20993347167,791.15117336279,2038.93340490991,false
l6:3a,2022-10-01 17:42:53,50.875415,8.016584,228.0,47.0,51.0,,24,3.26777343749,False,0,32.16758575439,791.15117197982,2038.9334189782,false
l6:3a,2022-10-01 17:43:03,50.875415,8.016572,228.0,41.0,48.0,,28,3.27392578124,False,0,32.14428787231,791.15117188376,2038.93341995535,false
l6:3a,2022-10-01 17:43:13,50.875412,8.016563,226.0,40.0,78.0,,26,3.27216796874,False,0,32.10174102783,791.15117016044,2038.93343748589,false
l6:3a,2022-10-01 17:43:23,50.875413,8.016562,225.0,37.0,74.0,,27,3.27304687499,False,0,32.05853042602,791.15116933982,2038.93344583368,false
l6:3a,2022-10-01 17:43:33,50.875415,8.016562,225.0,38.0,46.0,,29,3.27216796874,False,0,31.99135818481,791.15116678484,2038.93347182422,false
l6:3a,2022-10-01 17:43:43,50.875418,8.016584,228.0,61.0,30.0,,29,3.26865234374,False,0,31.94761657714,791.15116614219,2038.9334783616,false
l6:3a,2022-10-01 17:43:53,50.875418,8.016599,229.0,49.0,30.0,,25,3.2765625,False,0,31.88250198364,791.15116430685,2038.93349703153,false
l6:3a,2022-10-01 17:44:03,50.875429,8.016604,230.0,40.0,70.0,,26,3.27041015624,False,0,31.84114990234,791.15115978272,2038.9335430533,false
l6:3a,2022-10-01 17:44:13,50.875438,8.016609,230.0,35.0,78.0,,27,3.27304687499,False,6,31.80404586791,791.15116167911,2038.93352376229,false
l6:3a,2022-10-01 17:44:23,50.875434,8.016659,223.0,48.0,72.0,,25,3.27480468749,False,13,31.80570526123,791.15116357352,2038.93350449137,false
l6:3a,2022-10-01 17:44:33,50.875457,8.016703,222.0,55.0,71.0,,29,3.26865234374,False,0,31.81280746459,791.15116284622,2038.93351188978,false
l6:3a,2022-10-01 17:44:43,50.875476,8.016725,223.0,44.0,44.0,,29,3.27304687499,False,0,31.80616989135,791.15116308871,2038.93350942305,false
l6:3a,2022-10-01 17:44:53,50.875471,8.016726,224.0,33.0,51.0,,31,3.27128906249,False,0,31.83935775756,791.15116487895,2038.93349121183,false
l6:3a,2022-10-01 17:45:03,50.875462,8.016723,225.0,32.0,92.0,,25,3.2765625,False,0,31.87234649658,791.15116483953,2038.93349161286,false
l6:3a,2022-10-01 17:45:13,50.875479,8.016736,226.0,33.0,91.0,,29,3.27392578124,False,0,31.90573348999,791.15116559069,2038.93348397173,false
l6:3a,2022-10-01 17:45:23,50.875454,8.016747,227.0,43.0,36.0,,23,3.27744140624,False,0,31.91137542724,791.15116567444,2038.93348311977,false
l6:3a,2022-10-01 17:45:33,50.875431,8.016747,228.0,70.0,26.0,,29,3.2765625,False,0,31.89544525146,791.15116514346,2038.93348852118,false
l6:3a,2022-10-01 17:45:43,50.875423,8.016736,229.0,75.0,42.0,,25,3.2765625,False,0,31.86245651245,791.15116383866,2038.93350179422,false
l6:3a,2022-10-01 17:45:53,50.87543,8.016714,231.0,53.0,28.0,,26,3.26337890624,False,0,31.82800750732,791.15116263092,2038.93351407998,false
l6:3a,2022-10-01 17:46:03,50.875426,8.016717,233.0,38.0,57.0,,26,3.27480468749,False,0,31.82581710815,791.15116368106,2038.93350339745,false
l6:3a,2022-10-01 17:46:13,50.875432,8.016704,233.0,37.0,59.0,,24,3.26777343749,False,0,31.85157089233,791.15116481125,2038.93349190053,false
l6:3a,2022-10-01 17:46:23,50.875439,8.016699,234.0,38.0,88.0,,28,3.27216796874,False,0,31.87334213256,791.15116508036,2038.933489163,false
l6:3a,2022-10-01 17:46:33,50.875439,8.0167,235.0,38.0,94.0,,26,3.28183593749,False,0,31.92046890258,791.15116689942,2038.93347065863,false
l6:3a,2022-10-01 17:46:43,50.875431,8.016697,235.0,37.0,90.0,,26,3.27041015624,False,0,31.99222106933,791.15116881385,2038.93345118411,false
l6:3a,2022-10-01 17:46:53,50.875418,8.016682,234.0,39.0,81.0,,26,3.27304687499,False,0,32.05713653564,791.15117022137,2038.93343686606,false
l6:3a,2022-10-01 17:47:03,50.875369,8.016614,232.0,46.0,42.0,,30,3.2765625,False,17,32.12437515258,791.15117099746,2038.9334289713,false
l6:3a,2022-10-01 17:47:13,50.875333,8.016569,231.0,51.0,42.0,,25,3.2765625,False,16,32.16931152343,791.15117010614,2038.93343803825,false
l6:3a,2022-10-01 17:47:23,50.875311,8.016509,232.0,54.0,59.0,,25,3.27216796874,False,10,32.19692382812,791.15117218611,2038.93341687976,false
l6:3a,2022-10-01 17:47:33,50.875316,8.016507,233.0,52.0,66.0,,26,3.27480468749,False,0,32.19353866577,791.15117263619,2038.93341230131,false
l6:3a,2022-10-01 17:47:43,50.875311,8.016493,235.0,50.0,35.0,,25,3.27216796874,False,0,32.1938041687,791.1511733223,2038.93340532186,false
l6:3a,2022-10-01 17:47:53,50.875306,8.016483,236.0,37.0,57.0,,25,3.27480468749,False,0,32.21013259887,791.15117374959,2038.93340097524,false
l6:3a,2022-10-01 17:48:03,50.875302,8.016481,236.0,37.0,24.0,,26,3.26777343749,False,0,32.23057632446,791.15117425168,2038.93339586775,false
l6:3a,2022-10-01 17:48:13,50.87531,8.016476,235.0,40.0,8.0,,27,3.27568359374,False,0,32.25573272705,791.151174411,2038.93339424704,false
l6:3a,2022-10-01 17:48:23,50.875436,8.016539,230.0,49.0,12.0,,27,3.2765625,False,0,32.28666381835,791.15117568759,2038.93338126089,false
l6:3a,2022-10-01 17:48:33,50.875615,8.016762,222.0,64.0,23.0,,25,3.27216796874,False,0,32.32509536743,791.15117735462,2038.93336430309,false
l6:3a,2022-10-01 17:48:43,50.875805,8.017153,224.0,70.0,20.0,,25,3.27041015624,False,0,32.35257492065,791.1511784381,2038.93335328137,false
l6:3a,2022-10-01 17:48:53,50.875952,8.017423,229.0,72.0,7.0,,33,3.27480468749,False,0,32.39153747558,791.15117989747,2038.93333843592,false
l6:3a,2022-10-01 17:49:03,50.875971,8.017582,227.0,67.0,16.0,,27,3.26689453124,False,0,32.44317779541,791.15118034397,2038.93333389383,false
l6:3a,2022-10-01 17:49:13,50.875612,8.017257,221.0,48.0,0.0,,24,3.27041015624,False,0,32.48340148925,791.15118177676,2038.93331931884,false
l6:3a,2022-10-01 17:49:23,50.875185,8.016643,220.0,33.0,87.0,,25,3.27304687499,False,0,32.50245132446,791.15118354097,2038.9333013724,false
l6:3a,2022-10-01 17:49:33,50.875019,8.016484,219.0,36.0,78.0,,26,3.27128906249,False,0,32.55409164428,791.15118352305,2038.93330155465,false
l6:3a,2022-10-01 17:49:43,50.874548,8.016094,210.0,51.0,23.0,,24,3.27041015624,False,0,32.6065284729,791.15118881609,2038.93324771112,false
l6:3a,2022-10-01 17:49:53,50.874114,8.015769,203.0,51.0,19.0,,24,3.27568359374,False,0,32.64635391235,791.15119174386,2038.93321792839,false
l6:3a,2022-10-01 17:50:03,50.874042,8.015705,194.0,54.0,55.0,,26,3.27304687499,False,0,32.6890335083,791.15119226673,2038.93321260951,false
l6:3a,2022-10-01 17:50:13,50.874039,8.015701,172.0,61.0,44.0,,26,3.26865234374,False,0,32.73476638793,791.15119395941,2038.93319539068,false
l6:3a,2022-10-01 17:50:23,50.874079,8.015704,175.0,87.0,100.0,,24,3.26865234374,False,0,32.76463546752,791.15119464757,2038.93318839036,false
l6:3a,2022-10-01 17:50:33,50.874099,8.015707,178.0,85.0,91.0,,28,3.27392578124,False,0,32.81820068359,791.15119624794,2038.93317211066,false
l6:3a,2022-10-01 17:50:43,50.874112,8.015727,179.0,72.0,1.0,,26,3.28007812499,False,0,32.85789337158,791.1511970372,2038.93316408183,false
l6:3a,2022-10-01 17:50:53,50.874116,8.015723,181.0,77.0,88.0,,24,3.27041015624,False,0,32.89532928466,791.15119819381,2038.93315231624,false
l6:3a,2022-10-01 17:51:03,50.87406,8.015641,183.0,77.0,84.0,,25,3.27392578124,False,0,32.93774337768,791.15119761702,2038.93315818361,false
l6:3a,2022-10-01 17:51:13,50.873456,8.015286,185.0,65.0,34.0,,23,3.27216796874,False,0,32.96867446899,791.1511969598,2038.93316486926,false
l6:3a,2022-10-01 17:51:23,50.872512,8.015315,182.0,48.0,38.0,,26,3.2765625,False,0,33.01739425659,791.15120064473,2038.93312738421,false
l6:3a,2022-10-01 17:51:33,50.871769,8.015739,161.0,47.0,28.0,,25,3.27744140624,False,0,33.05629043579,791.15120146115,2038.93311907923,false
l6:3a,2022-10-01 17:51:43,50.871767,8.015852,134.0,43.0,27.0,,26,3.27480468749,False,0,33.11251068115,791.1512033076,2038.9331002962,false
l6:3a,2022-10-01 17:51:53,50.871838,8.01598,83.0,43.0,28.0,,28,3.27480468749,False,0,33.13813171386,791.15120411218,2038.93309211161,false
l6:3a,2022-10-01 17:52:03,50.871914,8.016031,68.0,35.0,63.0,,26,3.27128906249,False,0,33.18625411987,791.15120459464,2038.93308720381,false
l6:3a,2022-10-01 17:52:13,50.871717,8.015791,60.0,43.0,48.0,,22,3.26953124999,False,0,33.22468566894,791.15120534751,2038.93307954516,false
l6:3a,2022-10-01 17:52:23,50.871251,8.014851,54.0,49.0,61.0,,21,3.27480468749,False,0,33.26324996948,791.15120607641,2038.93307213042,false
l6:3a,2022-10-01 17:52:33,50.871017,8.014213,54.0,40.0,63.0,,23,3.2765625,False,0,33.2837600708,791.15120749032,2038.93305774744,false
l6:3a,2022-10-01 17:52:43,50.870976,8.014126,56.0,33.0,91.0,,26,3.26162109374,False,0,33.33274536132,791.15120862554,2038.93304619941,false
l6:3a,2022-10-01 17:52:53,50.87104,8.014178,66.0,30.0,94.0,,25,3.27128906249,False,0,33.36268081665,791.15120939749,2038.9330383468,false
l6:3a,2022-10-01 17:53:03,50.871055,8.014157,73.0,34.0,86.0,,20,3.27480468749,False,0,33.41385650634,791.15121096761,2038.93302237468,false
l6:3a,2022-10-01 17:53:13,50.871044,8.014143,75.0,38.0,80.0,,23,3.27480468749,False,0,33.44153518676,791.15121161654,2038.93301577349,false
l6:3a,2022-10-01 17:53:23,50.871041,8.014129,78.0,42.0,46.0,,25,3.26865234374,False,0,33.49038772583,791.1512127424,2038.93300432069,false
l6:3a,2022-10-01 17:53:33,50.871033,8.014107,82.0,52.0,0.0,,26,3.26689453124,False,0,33.5118270874,791.15121329757,2038.93299867313,false
l6:3a,2022-10-01 17:53:43,50.870991,8.014033,85.0,50.0,0.0,,23,3.27128906249,False,0,33.54567871093,791.15121268877,2038.93300486616,false
l6:3a,2022-10-01 17:53:53,50.870629,8.013282,85.0,48.0,12.0,,26,3.26865234374,False,0,33.59851379394,791.15121340124,2038.93299761855,false
l6:3a,2022-10-01 17:54:03,50.869935,8.011819,81.0,41.0,12.0,,27,3.26953124999,False,0,33.63143615722,791.15121524748,2038.93297883768,false
l6:3a,2022-10-01 17:54:13,50.869124,8.010138,77.0,46.0,33.0,,26,3.2765625,False,0,33.66522140502,791.15121678273,2038.93296322037,false
l6:3a,2022-10-01 17:54:23,50.868375,8.008564,84.0,62.0,65.0,,24,3.26162109374,False,0,33.7104232788,791.15120914012,2038.93304096484,false
l6:3a,2022-10-01 17:54:33,50.867619,8.007329,104.0,54.0,28.0,,22,3.27392578124,False,0,33.74414215087,791.15119991341,2038.93313482366,false
l6:3a,2022-10-01 17:54:43,50.866311,8.006508,156.0,76.0,7.0,,24,3.27480468749,False,0,33.76856842041,791.15119214131,2038.93321388533,false
l6:3a,2022-10-01 17:54:53,50.864686,8.006136,219.0,69.0,0.0,,23,3.27480468749,False,0,33.79850387573,791.15119361945,2038.93319884896,false
l6:3a,2022-10-01 17:55:03,50.862952,8.006598,226.0,50.0,28.0,,23,3.27128906249,False,0,33.82677993774,791.15120307902,2038.93310262143,false
l6:3a,2022-10-01 17:55:13,50.860962,8.00727,227.0,60.0,28.0,,25,3.2765625,False,0,33.85326385498,791.15120240941,2038.93310943301,false
l6:3a,2022-10-01 17:55:23,50.8589,8.006814,230.0,59.0,38.0,,22,3.2765625,False,0,33.87802200317,791.15120288875,2038.93310455692,false
l6:3a,2022-10-01 17:55:33,50.85713,8.005169,234.0,50.0,9.0,,26,3.27216796874,False,0,33.91578979492,791.15120864546,2038.93304599683,false
l6:3a,2022-10-01 17:55:43,50.855894,8.002486,235.0,49.0,7.0,,26,3.27480468749,False,0,33.94698638916,791.15120957328,2038.9330365585,false
l6:3a,2022-10-01 17:55:53,50.855133,7.999316,242.0,32.0,66.0,,27,3.27568359374,False,0,33.95873489379,791.15120973058,2038.93303495836,false
l6:3a,2022-10-01 17:56:03,50.854372,7.996209,245.0,34.0,69.0,,22,3.26513671874,False,0,33.99404678344,791.15121875567,2038.93294315058,false
l6:3a,2022-10-01 17:56:13,50.853144,7.993602,241.0,32.0,71.0,,22,3.27480468749,False,0,34.00732192993,791.15122329018,2038.93289702329,false
l6:3a,2022-10-01 17:56:23,50.852002,7.990892,244.0,61.0,2.0,,29,3.27480468749,False,0,34.04362945556,791.15122642752,2038.93286510873,false
l6:3a,2022-10-01 17:56:33,50.850899,7.988382,249.0,67.0,28.0,,26,3.28007812499,False,0,34.04728012084,791.15122499146,2038.93287971703,false
l6:3a,2022-10-01 17:56:43,50.849551,7.986527,246.0,78.0,77.0,,25,3.27216796874,False,0,34.07827758789,791.15122591129,2038.93287036,false
l6:3a,2022-10-01 17:56:53,50.848218,7.985207,254.0,79.0,86.0,,25,3.26953124999,False,0,34.09905319213,791.15122483861,2038.9328812719,false
l6:3a,2022-10-01 17:57:03,50.846779,7.984335,271.0,72.0,0.0,,24,3.27216796874,False,0,34.11173095703,791.15122701743,2038.93285910784,false
l6:3a,2022-10-01 17:57:13,50.84562,7.983195,270.0,54.0,0.0,,26,3.27216796874,False,0,34.13516159057,791.15123219482,2038.93280644083,false
l6:3a,2022-10-01 17:57:23,50.845121,7.981869,257.0,56.0,32.0,,22,3.26689453124,False,0,34.12912139892,791.15123549104,2038.93277290996,false
l6:3a,2022-10-01 17:57:33,,,,49.0,28.0,,24,3.26865234374,False,0,34.11631088256,791.15123768546,2038.93275058721,false
l6:3a,2022-10-01 17:57:43,,,,45.0,28.0,,21,3.26865234374,False,0,34.12998428344,791.15125114391,2038.93261368104,false
l6:3a,2022-10-01 17:57:53,50.844759,7.974903,255.0,41.0,69.0,,19,3.2765625,False,0,34.1548751831,791.15125147415,2038.93261032167,false
l6:3a,2022-10-01 17:58:03,50.844679,7.973689,253.0,40.0,69.0,,22,3.26513671874,False,0,34.16728744506,791.15124803809,2038.93264527503,false
l6:3a,2022-10-01 17:58:13,50.844592,7.972494,249.0,62.0,0.0,,24,3.26777343749,False,0,34.16669006347,791.15123963103,2038.93273079593,false
l6:3a,2022-10-01 17:58:23,50.844351,7.970891,246.0,78.0,95.0,,22,3.26777343749,False,0,34.19815216064,791.15123780894,2038.93274933112,false
l6:3a,2022-10-01 17:58:33,50.843613,7.969255,233.0,69.0,23.0,,23,3.26953124999,False,0,34.19722290039,791.151247255,2038.93265324104,false
l6:3a,2022-10-01 17:58:43,50.842564,7.968015,223.0,73.0,26.0,,23,3.27568359374,False,0,34.20923690795,791.1512530504,2038.93259428732,false
l6:3a,2022-10-01 17:58:53,50.841658,7.967039,218.0,79.0,34.0,,26,3.27041015624,False,0,34.23127365112,791.15125662059,2038.9325579695,false
l6:3a,2022-10-01 17:59:03,50.841427,7.966739,212.0,80.0,95.0,,21,3.26865234374,False,0,34.23114089965,791.15125454633,2038.93257906994,false
l6:3a,2022-10-01 17:59:13,50.841226,7.966471,207.0,78.0,86.0,,22,3.27304687499,False,0,34.24507980346,791.15125622314,2038.93256201256,false
l6:3a,2022-10-01 17:59:23,50.840384,7.965986,206.0,79.0,100.0,,19,3.26601562499,False,0,34.24328765869,791.15126121174,2038.93251126599,false
l6:3a,2022-10-01 17:59:33,50.839427,7.965196,208.0,76.0,53.0,,22,3.2765625,False,0,34.23704833984,791.15126008471,2038.9325227307,false
l6:3a,2022-10-01 17:59:43,50.838333,7.964085,218.0,74.0,31.0,,22,3.27128906249,False,0,34.24547805786,791.15125964082,2038.93252724626,false
l6:3a,2022-10-01 17:59:53,50.837817,7.962301,227.0,60.0,20.0,,22,3.26865234374,False,0,34.25052261352,791.151263913,2038.93248378741,false
l6:3a,2022-10-01 18:00:03,50.837469,7.960679,222.0,46.0,54.0,,18,3.27128906249,False,0,34.24760208129,791.15126668722,2038.9324555667,false
l6:3a,2022-10-01 18:00:13,50.837006,7.959164,215.0,81.0,82.0,,23,3.2765625,False,0,34.26061172485,791.1512649902,2038.93247282963,false
l6:3a,2022-10-01 18:00:23,50.836149,7.957433,214.0,77.0,86.0,,21,3.26953124999,False,0,34.25244750976,791.15126262564,2038.9324968831,false
l6:3a,2022-10-01 18:00:33,50.835019,7.955331,220.0,76.0,42.0,,21,3.26865234374,False,0,34.26705017089,791.15125528141,2038.93257159233,false
l6:3a,2022-10-01 18:00:43,50.833908,7.952925,227.0,68.0,37.0,,20,3.27832031249,False,0,34.25304489135,791.15124679791,2038.93265789078,false
l6:3a,2022-10-01 18:00:53,50.832362,7.951069,227.0,53.0,28.0,,21,3.27480468749,False,0,34.26074447631,791.15125383521,2038.93258630378,false
l6:3a,2022-10-01 18:01:03,50.830429,7.950375,225.0,46.0,48.0,,22,3.26513671874,False,0,34.26054534912,791.15126313866,2038.93249166441,false
l6:3a,2022-10-01 18:01:13,50.828969,7.950051,229.0,72.0,59.0,,25,3.2765625,False,0,34.24979248046,791.15126408292,2038.9324820589,false
l6:3a,2022-10-01 18:01:23,50.827988,7.949708,226.0,72.0,99.0,,25,3.27041015624,False,0,34.2447479248,791.15126222435,2038.93250096529,false
l6:3a,2022-10-01 18:01:33,50.827082,7.949305,226.0,57.0,17.0,,20,3.26865234374,False,0,34.24746932983,791.15125982284,2038.93252539459,false
l6:3a,2022-10-01 18:01:43,50.82631,7.948545,223.0,47.0,26.0,,26,3.26865234374,False,0,34.24222564697,791.15125366928,2038.93258799176,false
l6:3a,2022-10-01 18:01:53,50.825498,7.947968,229.0,70.0,37.0,,19,3.2765625,False,0,34.25052261352,791.15124588436,2038.93266718384,false
l6:3a,2022-10-01 18:02:03,50.82503,7.946774,242.0,68.0,42.0,,19,3.27392578124,False,0,34.24833221435,791.1512389455,2038.9327377695,false
l6:3a,2022-10-01 18:02:13,50.824795,7.945425,250.0,62.0,38.0,,21,3.26777343749,False,0,34.24255752563,791.1512353347,2038.9327745004,false
l6:3a,2022-10-01 18:02:23,50.824619,7.944366,253.0,53.0,45.0,,19,3.26953124999,False,0,34.25178375244,791.15123581571,2038.93276960723,false
l6:3a,2022-10-01 18:02:33,50.824577,7.944018,254.0,56.0,17.0,,23,3.27041015624,False,0,34.24461517333,791.15123565412,2038.93277125102,false
l6:3a,2022-10-01 18:02:43,50.824568,7.943821,253.0,61.0,0.0,,23,3.26777343749,False,0,34.26897506713,791.15123387118,2038.93278938799,false
l6:3a,2022-10-01 18:02:53,50.824336,7.942509,251.0,65.0,28.0,,18,3.2765625,False,0,34.27395324707,791.15123239789,2038.93280437501,false
l6:3a,2022-10-01 18:03:03,50.824,7.940686,248.0,66.0,31.0,,25,3.27480468749,False,0,34.2760772705,791.15123145586,2038.93281395782,false
l6:3a,2022-10-01 18:03:13,50.823639,7.938642,245.0,49.0,59.0,,20,3.26513671874,False,0,34.29214019775,791.15123036917,2038.93282501223,false
l6:3a,2022-10-01 18:03:23,50.823048,7.936369,244.0,43.0,97.0,,21,3.27128906249,False,0,34.28649826049,791.15121898503,2038.93294081749,false
l6:3a,2022-10-01 18:03:33,50.822001,7.934376,251.0,57.0,17.0,,23,3.27041015624,False,0,34.30189743041,791.15120647447,2038.9330680812,false
l6:3a,2022-10-01 18:03:43,50.821209,7.932454,250.0,53.0,0.0,,23,3.2765625,False,0,34.29977340698,791.1512104371,2038.93302777132,false
l6:3a,2022-10-01 18:03:53,50.82181,7.930119,246.0,34.0,75.0,,24,3.27128906249,False,0,34.32419967651,791.15122338723,2038.932896036,false
l6:3a,2022-10-01 18:04:03,50.822754,7.927705,241.0,34.0,70.0,,26,3.26953124999,False,0,34.33853683471,791.1512384179,2038.93274313646,false
l6:3a,2022-10-01 18:04:13,50.823834,7.925588,236.0,43.0,91.0,,17,3.27392578124,False,0,34.33634643554,791.15125516293,2038.93257279761,false
l6:3a,2022-10-01 18:04:23,50.824742,7.923589,238.0,44.0,100.0,,24,3.27041015624,False,0,34.32200927734,791.15126623935,2038.93246012268,false
l6:3a,2022-10-01 18:04:33,50.824928,7.921184,232.0,60.0,59.0,,19,3.2765625,False,0,34.32858047485,791.15127782386,2038.93234227918,false
l6:3a,2022-10-01 18:04:43,50.82432,7.919029,229.0,76.0,77.0,,18,3.27041015624,False,0,34.32327041625,791.15128817405,2038.93223699182,false
l6:3a,2022-10-01 18:04:53,50.823035,7.917393,231.0,73.0,14.0,,22,3.27480468749,False,0,34.34716567993,791.15129761745,2038.93214092876,false
l6:3a,2022-10-01 18:05:03,50.821413,7.916995,226.0,64.0,25.0,,21,3.27041015624,False,0,34.36495437622,791.15129908254,2038.93212602513,false
l6:3a,2022-10-01 18:05:13,50.819603,7.916927,219.0,61.0,38.0,,23,3.27128906249,False,0,34.34391326904,791.15129677743,2038.9321494739,false
l6:3a,2022-10-01 18:05:23,50.817477,7.917251,206.0,83.0,88.0,,22,3.27480468749,False,0,34.31444244384,791.15129688124,2038.93214841782,false
l6:3a,2022-10-01 18:05:33,50.815628,7.916943,193.0,70.0,42.0,,18,3.27128906249,False,0,34.33223114013,791.15129701052,2038.93214710273,false
l6:3a,2022-10-01 18:05:43,50.815231,7.914817,202.0,65.0,30.0,,19,3.27128906249,False,0,34.31192016601,791.15129205671,2038.93219749538,false
l6:3a,2022-10-01 18:05:53,50.816681,7.91353,221.0,70.0,30.0,,17,3.26513671874,False,0,34.31656646728,791.15128475546,2038.93227176744,false
l6:3a,2022-10-01 18:06:03,50.818476,7.913339,240.0,78.0,26.0,,20,3.27216796874,False,0,34.29559173583,791.15127662861,2038.93235443782,false
l6:3a,2022-10-01 18:06:13,50.820241,7.912782,251.0,62.0,25.0,,20,3.27480468749,False,0,34.29472885131,791.15127720098,2038.93234861542,false
l6:3a,2022-10-01 18:06:23,50.821686,7.910752,254.0,51.0,53.0,,17,3.27304687499,False,0,34.2838432312,791.15128854396,2038.93223322884,false
l6:3a,2022-10-01 18:06:33,50.822326,7.907578,248.0,49.0,57.0,,22,3.2765625,False,0,34.29512710571,791.15130127579,2038.93210371432,false
l6:3a,2022-10-01 18:06:43,50.821802,7.904352,238.0,51.0,47.0,,22,3.26689453124,False,0,34.28782577514,791.15130369727,2038.93207908174,false
l6:3a,2022-10-01 18:06:53,50.820062,7.902523,237.0,57.0,47.0,,17,3.27128906249,False,0,34.29492797851,791.1513032869,2038.93208325624,false
l6:3a,2022-10-01 18:07:03,50.817827,7.902706,206.0,58.0,47.0,,19,3.27216796874,False,0,34.29691925048,791.15130901686,2038.93202496823,false
l6:3a,2022-10-01 18:07:13,50.815913,7.902358,163.0,56.0,42.0,,18,3.27216796874,False,0,34.30262756347,791.15130409247,2038.93207506164,false
l6:3a,2022-10-01 18:07:23,50.815279,7.899705,147.0,68.0,44.0,,22,3.26865234374,False,0,34.32652282714,791.15130528347,2038.93206294611,false
l6:3a,2022-10-01 18:07:33,50.815258,7.896524,139.0,61.0,50.0,,17,3.2765625,False,0,34.30694198608,791.15131138154,2038.93200091347,false
l6:3a,2022-10-01 18:07:43,50.816119,7.894244,142.0,55.0,43.0,,17,3.27304687499,False,0,34.31192016601,791.15131219738,2038.93199261439,false
l6:3a,2022-10-01 18:07:53,50.817789,7.892587,159.0,71.0,30.0,,18,3.2765625,False,0,34.32101364135,791.15130925425,2038.93202255332,false
l6:3a,2022-10-01 18:08:03,50.81933,7.890883,183.0,71.0,30.0,,19,3.2765625,False,0,34.317628479,791.15130889833,2038.93202617395,false
l6:3a,2022-10-01 18:08:13,50.820783,7.889445,203.0,81.0,100.0,,19,3.26865234374,False,0,34.32619094848,791.15130963052,2038.93201872577,false
l6:3a,2022-10-01 18:08:23,50.822239,7.888025,216.0,80.0,100.0,,21,3.2765625,False,0,34.32108001708,791.15131164796,2038.93199820337,false
l6:3a,2022-10-01 18:08:33,50.823561,7.886472,211.0,71.0,42.0,,21,3.27128906249,False,0,34.32858047485,791.15131282441,2038.93198623587,false
l6:3a,2022-10-01 18:08:43,50.824294,7.884266,201.0,68.0,68.0,,21,3.27304687499,False,0,34.34072723388,791.15131728244,2038.93194088659,false
l6:3a,2022-10-01 18:08:53,50.824309,7.881807,190.0,54.0,44.0,,18,3.27128906249,False,0,34.33674468994,791.15132038114,2038.931909365,false
l6:3a,2022-10-01 18:09:03,50.824197,7.879719,184.0,47.0,14.0,,22,3.2765625,False,0,34.34922332763,791.15132110417,2038.93190201,false
l6:3a,2022-10-01 18:09:13,50.823514,7.878183,180.0,57.0,36.0,,17,3.27480468749,False,0,34.34683380126,791.15132091625,2038.93190392165,false
l6:3a,2022-10-01 18:09:23,50.822436,7.878583,179.0,55.0,14.0,,17,3.27128906249,False,0,34.3518119812,791.15132015477,2038.93191166775,false
l6:3a,2022-10-01 18:09:33,50.820939,7.879185,191.0,65.0,6.0,,19,3.26865234374,False,0,34.34862594604,791.15131956896,2038.93191762698,false
l6:3a,2022-10-01 18:09:43,50.819108,7.879559,196.0,71.0,69.0,,20,3.27744140624,False,0,34.35207748413,791.15131912145,2038.93192217926,false
l6:3a,2022-10-01 18:09:53,50.817399,7.880157,208.0,70.0,86.0,,19,3.28007812499,False,0,34.35466613769,791.15131687317,2038.93194504992,false
l6:3a,2022-10-01 18:10:03,50.816067,7.881759,218.0,79.0,30.0,,19,3.27304687499,False,0,34.35513076782,791.15132179845,2038.93189494747,false
l6:3a,2022-10-01 18:10:13,50.814569,7.882798,231.0,72.0,26.0,,17,3.27304687499,False,0,34.35645828247,791.15131998679,2038.93191337659,false
l6:3a,2022-10-01 18:10:23,50.813123,7.882013,231.0,58.0,42.0,,19,3.27041015624,False,0,34.34630279541,791.1513200881,2038.931912346,false
l6:3a,2022-10-01 18:10:33,50.812135,7.880045,218.0,59.0,58.0,,15,3.27392578124,False,0,34.35001983642,791.15132219609,2038.93189090241,false
l6:3a,2022-10-01 18:10:43,50.811053,7.878909,200.0,64.0,42.0,,15,3.27216796874,False,0,34.35805130004,791.1513259581,2038.93185263335,false
l6:3a,2022-10-01 18:10:53,50.810634,7.878676,192.0,78.0,86.0,,15,3.27041015624,False,0,34.35599365234,791.1513251043,2038.93186131867,false
l6:3a,2022-10-01 18:11:03,50.810719,7.878713,186.0,80.0,86.0,,21,3.27480468749,False,0,34.36601638793,791.1513253424,2038.93185889661,false
l6:3a,2022-10-01 18:11:13,50.810772,7.878712,172.0,65.0,31.0,,16,3.26777343749,False,0,34.36488800048,791.15132554356,2038.93185685025,false
l6:3a,2022-10-01 18:11:23,50.810752,7.878708,166.0,50.0,37.0,,12,3.2765625,False,0,34.36362686157,791.15132497447,2038.93186263932,false
l6:3a,2022-10-01 18:11:33,50.810512,7.878965,160.0,56.0,19.0,,19,3.27304687499,False,0,34.38679199218,791.15133008193,2038.93181068371,false
l6:3a,2022-10-01 18:11:43,50.810099,7.879468,162.0,60.0,33.0,,17,3.26865234374,False,0,34.38380508422,791.15132992127,2038.93181231806,false
l6:3a,2022-10-01 18:11:53,50.809878,7.879758,171.0,51.0,35.0,,18,3.27480468749,False,0,34.38154830932,791.15132658985,2038.93184620693,false
l6:3a,2022-10-01 18:12:03,50.809522,7.880184,187.0,38.0,93.0,,13,3.2765625,False,0,34.4052444458,791.15132475934,2038.93186482779,false
l6:3a,2022-10-01 18:12:13,50.809208,7.879971,196.0,42.0,53.0,,15,3.27744140624,False,0,34.37836227416,791.15132424854,2038.93187002385,false
l6:3a,2022-10-01 18:12:23,50.808871,7.878825,200.0,52.0,26.0,,16,3.27304687499,False,0,34.39469070434,791.15133051834,2038.93180624432,false
l6:3a,2022-10-01 18:12:33,50.808195,7.877836,204.0,66.0,31.0,,16,3.27304687499,False,0,34.39429244995,791.15132540174,2038.93185829292,false
l6:3a,2022-10-01 18:12:43,50.807353,7.878045,211.0,62.0,38.0,,18,3.27480468749,False,0,34.40836410522,791.15132281217,2038.93188463532,false
l6:3a,2022-10-01 18:12:53,50.806989,7.878451,212.0,71.0,14.0,,16,3.27216796874,False,0,34.41593093872,791.15132236689,2038.93188916498,false
l6:3a,2022-10-01 18:13:03,50.806724,7.879066,206.0,72.0,17.0,,13,3.27216796874,False,0,34.41639556884,791.15132252878,2038.93188751813,false
l6:3a,2022-10-01 18:13:13,50.806509,7.87969,211.0,67.0,28.0,,18,3.27568359374,False,0,34.43079910278,791.15132396993,2038.931872858,false
l6:3a,2022-10-01 18:13:23,50.806293,7.880247,209.0,52.0,56.0,,16,3.27041015624,False,0,34.4240951538,791.15132412846,2038.93187124537,false
l6:3a,2022-10-01 18:13:33,50.806262,7.880279,214.0,73.0,38.0,,15,3.26953124999,False,0,34.44400787353,791.15132418709,2038.931870649,false
l6:3a,2022-10-01 18:13:43,50.806219,7.880409,219.0,75.0,38.0,,10,3.27480468749,False,0,34.44679565429,791.151324342,2038.93186907321,false
l6:3a,2022-10-01 18:13:53,50.805799,7.880995,228.0,56.0,25.0,,9,3.2765625,False,0,34.46040267944,791.15132412907,2038.9318712392,false
l6:3a,2022-10-01 18:14:03,50.805225,7.881614,226.0,57.0,37.0,,14,3.27304687499,False,0,34.46119918823,791.15132418181,2038.93187070269,false
l6:3a,2022-10-01 18:14:13,50.804963,7.882025,215.0,65.0,45.0,,17,3.27216796874,False,0,34.47719573974,791.15132332928,2038.93187937511,false
l6:3a,2022-10-01 18:14:23,50.804806,7.882671,200.0,65.0,38.0,,15,3.2765625,False,0,34.47221755981,791.15132527446,2038.93185958773,false
l6:3a,2022-10-01 18:14:33,50.804536,7.883055,199.0,60.0,25.0,,14,3.26865234374,False,0,34.49086914062,791.15132608518,2038.93185134062,false
l6:3a,2022-10-01 18:14:43,50.804378,7.883326,200.0,42.0,77.0,,14,3.27128906249,False,0,34.49465255737,791.15132540426,2038.93185826737,false
l6:3a,2022-10-01 18:14:53,50.804373,7.883403,196.0,52.0,32.0,,15,3.27568359374,False,0,34.49047088623,791.15132438889,2038.93186859613,false
l6:3a,2022-10-01 18:15:03,50.803981,7.883963,192.0,73.0,42.0,,12,3.27480468749,False,0,34.51722030639,791.15132628194,2038.93184933911,false
l6:3a,2022-10-01 18:15:13,50.802732,7.884106,186.0,59.0,36.0,,13,3.27919921874,False,0,34.50500717163,791.15132667064,2038.93184538505,false
l6:3a,2022-10-01 18:15:23,50.801427,7.883468,167.0,60.0,17.0,,14,3.26513671874,False,0,34.51084823608,791.15132622183,2038.93184995059,false
l6:3a,2022-10-01 18:15:33,50.800319,7.882124,155.0,62.0,25.0,,15,3.27919921874,False,0,34.50613555908,791.15132618563,2038.93185031887,false
l6:3a,2022-10-01 18:15:43,50.799059,7.880107,154.0,58.0,34.0,,12,3.26953124999,False,0,34.50812683105,791.15132384976,2038.93187408049,false
l6:3a,2022-10-01 18:15:53,50.797574,7.87809,167.0,80.0,77.0,,15,3.28007812499,False,0,34.52000808715,791.15132814571,2038.9318303799,false
l6:3a,2022-10-01 18:16:03,50.796518,7.877241,174.0,73.0,11.0,,15,3.26513671874,False,0,34.50726394653,791.1513296064,2038.93181552102,false
l6:3a,2022-10-01 18:16:13,50.796419,7.877209,174.0,71.0,49.0,,13,3.27041015624,False,0,34.51244125366,791.15132960779,2038.93181550687,false
l6:3a,2022-10-01 18:16:23,50.796418,7.877215,175.0,58.0,11.0,,15,3.27744140624,False,0,34.5211364746,791.15132951988,2038.93181640118,false
l6:3a,2022-10-01 18:16:33,50.796402,7.877222,174.0,54.0,26.0,,14,3.27392578124,False,0,34.52087097167,791.15132922274,2038.93181942384,false
l6:3a,2022-10-01 18:16:43,50.795782,7.877142,177.0,55.0,26.0,,10,3.26162109374,False,0,34.52299499511,791.15132882034,2038.93182351724,false
l6:3a,2022-10-01 18:16:53,50.79452,7.877499,183.0,53.0,43.0,,15,3.27392578124,False,0,34.52930068969,791.15133258024,2038.93178526966,false
l6:3a,2022-10-01 18:17:03,50.793562,7.878165,190.0,60.0,66.0,,13,3.27216796874,False,0,34.52930068969,791.15133355626,2038.9317753411,false
l6:3a,2022-10-01 18:17:13,50.793144,7.878412,187.0,54.0,56.0,,14,3.27832031249,False,0,34.52365875244,791.15133298848,2038.93178111681,false
l6:3a,2022-10-01 18:17:23,50.792054,7.878585,187.0,49.0,47.0,,10,3.27744140624,False,0,34.52618103027,791.15133416553,2038.93176914324,false
l6:3a,2022-10-01 18:17:33,50.790698,7.877685,182.0,57.0,5.0,,13,3.27919921874,False,0,34.52438888549,791.15133031724,2038.93180829005,false
l6:3a,2022-10-01 18:17:43,50.789869,7.876196,181.0,68.0,38.0,,13,3.2765625,False,0,34.52551727294,791.15133058183,2038.93180559848,false
l6:3a,2022-10-01 18:17:53,50.789461,7.874415,172.0,69.0,20.0,,13,3.27041015624,False,0,34.5186805725,791.15133729976,2038.93173726034,false
l6:3a,2022-10-01 18:18:03,50.789269,7.873508,180.0,66.0,49.0,,13,3.2765625,False,0,34.52744216918,791.15133724523,2038.93173781501,false
l6:3a,2022-10-01 18:18:13,50.789608,7.873217,186.0,66.0,49.0,,14,3.2765625,False,0,34.51476440429,791.15133702314,2038.93174007417,false
l6:3a,2022-10-01 18:18:23,50.789526,7.872281,190.0,79.0,95.0,,9,3.27216796874,False,0,34.50872421264,791.15133844984,2038.93172556112,false
l6:3a,2022-10-01 18:18:33,50.789357,7.871663,193.0,68.0,34.0,,12,3.27128906249,False,0,34.51244125366,791.15133845532,2038.93172550535,false
l6:3a,2022-10-01 18:18:43,50.789207,7.872243,197.0,42.0,87.0,,10,3.26777343749,False,0,34.49524993896,791.1513385499,2038.93172454327,false
l6:3a,2022-10-01 18:18:53,50.789396,7.872696,195.0,42.0,93.0,,9,3.27568359374,False,0,34.49770584106,791.15133703802,2038.93173992281,false
l6:3a,2022-10-01 18:19:03,50.789403,7.87269,193.0,44.0,59.0,,10,3.27392578124,False,10,34.492263031,791.15132273192,2038.93188545176,false
l6:3a,2022-10-01 18:19:13,50.789374,7.872632,193.0,50.0,47.0,,11,3.27304687499,False,16,34.49604644775,791.1513384152,2038.93172591343,false
l6:3a,2022-10-01 18:19:23,50.789376,7.872489,195.0,55.0,38.0,,9,3.27480468749,False,18,34.48662109374,791.15133691957,2038.93174112779,false
l6:3a,2022-10-01 18:19:33,50.789341,7.872315,192.0,48.0,81.0,,10,3.26601562499,False,15,34.43644104003,791.15133737915,2038.93173645271,false
l6:3a,2022-10-01 18:19:43,50.789334,7.872116,192.0,44.0,83.0,,11,3.27216796874,False,18,34.41400604248,791.15133626979,2038.93174773765,false
l6:3a,2022-10-01 18:19:53,50.789394,7.871921,193.0,41.0,89.0,,9,3.26777343749,False,18,34.38606185913,791.15133521816,2038.93175843535,false
l6:3a,2022-10-01 18:20:03,50.789439,7.871785,192.0,37.0,82.0,,9,3.26953124999,False,16,34.35997619628,791.15133472325,2038.93176346981,false
l6:3a,2022-10-01 18:20:13,50.789428,7.871573,183.0,38.0,95.0,,9,3.26513671874,False,17,34.35785217285,791.15133476202,2038.93176307546,false
l6:3a,2022-10-01 18:20:23,50.789458,7.871412,180.0,51.0,45.0,,11,3.27041015624,False,16,34.32844772338,791.15133249517,2038.93178613505,false
l6:3a,2022-10-01 18:20:33,50.789492,7.87125,179.0,58.0,53.0,,9,3.26865234374,False,16,34.26207199096,791.15133133007,2038.931797987,false
l6:3a,2022-10-01 18:20:43,50.789502,7.871093,187.0,46.0,21.0,,9,3.27744140624,False,15,34.21016616821,791.1513302496,2038.93180897804,false
l6:3a,2022-10-01 18:20:53,50.789488,7.870898,191.0,43.0,87.0,,9,3.27568359374,False,6,34.13662185668,791.15132863407,2038.93182541206,false
l6:3a,2022-10-01 18:21:03,50.789502,7.870749,187.0,42.0,100.0,,11,3.27480468749,False,22,34.07383041381,791.15132676723,2038.93184440253,false
l6:3a,2022-10-01 18:21:13,50.789498,7.870576,182.0,47.0,95.0,,9,3.27480468749,False,16,33.98774108886,791.15132401282,2038.93187242178,false
l6:3a,2022-10-01 18:21:23,50.789472,7.870447,177.0,48.0,95.0,,11,3.26865234374,False,14,33.94386672973,791.15132350458,2038.93187759181,false
l6:3a,2022-10-01 18:21:33,50.789439,7.870328,182.0,47.0,100.0,,13,3.26865234374,False,15,33.85777740478,791.15132147613,2038.93189822626,false
l6:3a,2022-10-01 18:21:43,50.789456,7.870209,182.0,46.0,100.0,,9,3.2765625,False,14,33.79850387573,791.1513200546,2038.93191268679,false
l6:3a,2022-10-01 18:21:53,50.789468,7.870061,179.0,47.0,95.0,,9,3.27041015624,False,14,33.72960586547,791.15131806869,2038.93193288848,false
l6:3a,2022-10-01 18:22:03,50.789478,7.869892,176.0,48.0,98.0,,10,3.27304687499,False,16,33.67404937744,791.15131619023,2038.93195199708,false
l6:3a,2022-10-01 18:22:13,50.789482,7.869733,172.0,56.0,15.0,,9,3.27304687499,False,15,33.61099243164,791.15131549308,2038.9319590888,false
l6:3a,2022-10-01 18:22:23,50.789508,7.869677,168.0,69.0,49.0,,9,3.27744140624,False,19,33.57846832275,791.15132000841,2038.93191315667,false
l6:3a,2022-10-01 18:22:33,50.789542,7.869641,143.0,70.0,59.0,,10,3.26865234374,False,17,33.51833190917,791.15131987169,2038.93191454738,false
l6:3a,2022-10-01 18:22:43,50.789592,7.869626,118.0,54.0,65.0,,9,3.27392578124,False,15,33.44976577758,791.15131784564,2038.93193515741,false
l6:3a,2022-10-01 18:22:53,50.789691,7.869354,112.0,42.0,69.0,,11,3.27392578124,False,16,33.42540588378,791.15131227092,2038.93199186625,false
l6:3a,2022-10-01 18:23:03,50.789688,7.869321,115.0,41.0,65.0,,9,3.2765625,False,9,33.41272811889,791.15131076004,2038.93200723573,false
l6:3a,2022-10-01 18:23:13,50.789696,7.869249,125.0,60.0,25.0,,9,3.27568359374,False,0,33.35969390869,791.15130763767,2038.932038998,false
l6:3a,2022-10-01 18:23:23,50.789679,7.869185,134.0,62.0,36.0,,9,3.27744140624,False,10,33.3099784851,791.1513054545,2038.93206120634,false
l6:3a,2022-10-01 18:23:33,50.789671,7.869159,113.0,56.0,5.0,,9,3.2765625,False,0,33.28269805908,791.15131269912,2038.93198751038,false
l6:3a,2022-10-01 18:23:43,50.789826,7.869247,92.0,47.0,4.0,,9,3.27392578124,False,7,33.26716613769,791.15130694454,2038.93204604892,false
l6:3a,2022-10-01 18:24:02,,,,60.0,0.0,,9,3.27832031249,False,0,33.23065948486,791.15130844634,2038.93203077181,false
l6:3a,2022-10-01 18:24:12,,,,42.0,0.0,,9,3.2765625,False,6,33.20981750488,791.15131147526,2038.93199996012,false
l6:3a,2022-10-01 18:24:22,,,,35.0,72.0,,9,3.26601562499,False,8,33.21632232666,791.15131055435,2038.93200932812,false
l6:3a,2022-10-01 18:24:32,,,,46.0,40.0,,9,3.2765625,False,0,33.19534759521,791.15130961881,2038.93201884492,false
l6:3a,2022-10-01 18:24:42,,,,49.0,46.0,,9,3.26953124999,False,11,33.19919738769,791.15130454723,2038.93207043556,false
l6:3a,2022-10-01 18:24:52,,,,47.0,47.0,,9,3.27480468749,False,8,33.2180480957,791.15131122847,2038.93200247066,false
l6:3a,2022-10-01 18:25:03,,,,67.0,0.0,,9,3.27128906249,False,0,33.19521484374,791.15131228645,2038.93199170831,false
l6:3a,2022-10-01 18:25:13,,,,50.0,0.0,,9,3.27216796874,False,0,33.18492660522,791.15131195171,2038.93199511345,false
l6:3a,2022-10-01 18:25:23,,,,40.0,90.0,,9,3.26865234374,False,0,33.17019119262,791.15131160538,2038.93199863647,false
l6:3a,2022-10-01 18:25:33,,,,43.0,100.0,,9,3.26865234374,False,0,33.18817901611,791.15130606012,2038.93205504568,false
l6:3a,2022-10-01 18:25:43,,,,59.0,31.0,,9,3.26865234374,False,0,33.17457199096,791.15131091465,2038.93200566294,false
l6:3a,2022-10-01 18:25:53,,,,52.0,39.0,,9,3.27744140624,False,0,33.18658599853,791.15131239357,2038.93199061867,false
l6:3a,2022-10-01 18:26:03,,,,52.0,30.0,,9,3.27128906249,False,0,33.20543670654,791.15131259512,2038.9319885684,false
l6:3a,2022-10-01 18:26:13,,,,60.0,38.0,,9,3.26689453124,False,0,33.23318176269,791.15130986983,2038.93201629141,false
l6:3a,2022-10-01 18:26:23,,,,69.0,31.0,,9,3.27568359374,False,0,33.25594863891,791.15131133649,2038.93200137181,false
l6:3a,2022-10-01 18:26:34,,,,64.0,34.0,,9,3.27304687499,False,0,33.27858276367,791.15131423155,2038.9319719218,false
l6:3a,2022-10-01 18:26:44,,,,52.0,12.0,,9,3.27392578124,False,0,33.31515579223,791.15131645788,2038.93194927446,false
l6:3a,2022-10-01 18:26:53,,,,36.0,66.0,,9,3.2765625,False,0,33.34767990112,791.15131644565,2038.9319493988,false
l6:3a,2022-10-01 18:27:03,,,,40.0,0.0,,9,3.27128906249,False,0,33.36122055053,791.15131703793,2038.93194337385,false
l6:3a,2022-10-01 18:27:13,,,,44.0,6.0,,9,3.27392578124,False,0,33.3875717163,791.15131773697,2038.93193626287,false
l6:3a,2022-10-01 18:27:23,,,,42.0,6.0,,9,3.27480468749,False,0,33.39162063598,791.15131775935,2038.93193603522,false
l6:3a,2022-10-01 18:27:33,,,,30.0,90.0,,9,3.26513671874,False,0,33.38916473388,791.15131755085,2038.93193815612,false
l6:3a,2022-10-01 18:27:43,,,,30.0,90.0,,9,3.27480468749,False,0,33.4172416687,791.15131842241,2038.93192929018,false
l6:3a,2022-10-01 18:27:53,,,,58.0,44.0,,9,3.2765625,False,0,33.4336364746,791.15131898764,2038.93192354037,false
l6:3a,2022-10-01 18:28:03,,,,63.0,41.0,,9,3.27304687499,False,0,33.46217803955,791.15131332915,2038.93198110143,false
l6:3a,2022-10-01 18:28:13,,,,57.0,25.0,,9,3.26601562499,False,0,33.46901473999,791.15131907853,2038.93192261587,false
l6:3a,2022-10-01 18:28:23,,,,56.0,7.0,,9,3.27832031249,False,0,33.4755859375,791.1513198091,2038.93191518406,false
l6:3a,2022-10-01 18:28:33,,,,46.0,0.0,,9,3.26865234374,False,0,33.49091873168,791.15131979383,2038.93191533943,false
l6:3a,2022-10-01 18:28:43,,,,52.0,30.0,,9,3.27216796874,False,0,33.50850830078,791.1513209304,2038.93190377765,false
l6:3a,2022-10-01 18:28:53,,,,46.0,78.0,,9,3.27480468749,False,0,33.54348831176,791.15132075352,2038.93190557701,false
l6:3a,2022-10-01 18:29:03,,,,51.0,52.0,,9,3.26689453124,False,0,33.54554595947,791.15132092819,2038.93190380018,false
l6:3a,2022-10-01 18:29:13,,,,51.0,28.0,,8,3.27832031249,False,0,33.53711624145,791.15132165759,2038.93189638037,false
l6:3a,2022-10-01 18:29:23,,,,45.0,15.0,,9,3.2765625,False,0,33.53545684814,791.15132214264,2038.93189144612,false
l6:3a,2022-10-01 18:29:33,,,,35.0,70.0,,9,3.27392578124,False,0,33.54408569335,791.15132247395,2038.93188807589,false
l6:3a,2022-10-01 18:29:43,,,,32.0,70.0,,9,3.28007812499,False,0,33.55510406494,791.15132400735,2038.93187247742,false
l6:3a,2022-10-01 18:29:53,,,,39.0,63.0,,9,3.2765625,False,0,33.5382446289,791.15132435182,2038.93186897328,false
l6:3a,2022-10-01 18:30:03,,,,45.0,70.0,,9,3.26865234374,False,0,33.53545684814,791.15132685858,2038.93184347321,false
l6:3a,2022-10-01 18:30:13,,,,42.0,66.0,,9,3.27304687499,False,0,33.53691711425,791.15132734661,2038.93183850879,false
l6:3a,2022-10-01 18:30:23,,,,42.0,66.0,,9,3.27392578124,False,0,33.54966125488,791.15132942591,2038.93181735707,false
l6:3a,2022-10-01 18:30:33,,,,44.0,68.0,,9,3.27568359374,False,0,33.560546875,791.15133178026,2038.93179340743,false
l6:3a,2022-10-01 18:30:43,,,,65.0,28.0,,9,3.27568359374,False,0,33.56877746582,791.1513339687,2038.93177114551,false
l6:3a,2022-10-01 18:30:53,,,,71.0,25.0,,9,3.27392578124,False,0,33.55390930175,791.15133688066,2038.93174152356,false
l6:3a,2022-10-01 18:31:03,,,,67.0,0.0,,9,3.28007812499,False,0,33.54727172851,791.15133858177,2038.93172421909,false
l6:3a,2022-10-01 18:31:13,,,,72.0,8.0,,9,3.27304687499,False,0,33.56479492187,791.15134038698,2038.93170585557,false
l6:3a,2022-10-01 18:31:23,,,,76.0,64.0,,9,3.2765625,False,0,33.56167526245,791.15133983048,2038.93171151651,false
l6:3a,2022-10-01 18:31:33,,,,64.0,45.0,,9,3.27744140624,False,0,33.54189529418,791.15133936635,2038.93171623789,false
l6:3a,2022-10-01 18:31:43,,,,56.0,38.0,,9,3.26865234374,False,0,33.5165397644,791.15133858682,2038.93172416765,false
l6:3a,2022-10-01 18:31:53,,,,46.0,39.0,,9,3.27128906249,False,0,33.50319824218,791.15133942913,2038.93171559926,false
l6:3a,2022-10-01 18:32:03,,,,48.0,37.0,,9,3.27919921874,False,0,33.51607513427,791.15134189526,2038.93169051258,false
l6:3a,2022-10-01 18:32:13,,,,46.0,42.0,,9,3.27919921874,False,0,33.52085418701,791.15134419049,2038.9316671643,false
l6:3a,2022-10-01 18:32:23,,,,41.0,87.0,,9,3.27919921874,False,0,33.52470397949,791.15134519733,2038.93165692222,false
l6:3a,2022-10-01 18:32:33,,,,42.0,96.0,,8,3.27128906249,False,0,33.49616241455,791.1513460185,2038.93164856885,false
l6:3a,2022-10-01 18:32:43,,,,39.0,91.0,,9,3.26865234374,False,0,33.48879470825,791.15134795167,2038.93162890371,false
l6:3a,2022-10-01 18:32:53,,,,38.0,100.0,,8,3.27832031249,False,0,33.49071960449,791.15135175163,2038.93159024863,false
l6:3a,2022-10-01 18:33:03,,,,68.0,11.0,,8,3.2765625,False,0,33.51839828491,791.15135499154,2038.9315572906,false
l6:3a,2022-10-01 18:33:13,,,,72.0,37.0,,9,3.26337890624,False,0,33.51315460205,791.15135660544,2038.93154087319,false
l6:3a,2022-10-01 18:33:23,,,,62.0,31.0,,8,3.27304687499,False,0,33.50505676269,791.15135328283,2038.93157467243,false
l6:3a,2022-10-01 18:33:33,,,,59.0,41.0,,8,3.27304687499,False,0,33.50372924804,791.15135575881,2038.93154948557,false
l6:3a,2022-10-01 18:33:43,,,,55.0,58.0,,8,3.27041015624,False,0,33.52357559204,791.15135770014,2038.93152973739,false
l6:3a,2022-10-01 18:33:53,,,,59.0,64.0,,8,3.26865234374,False,0,33.51839828491,791.15136070434,2038.9314991771,false
l6:3a,2022-10-01 18:34:03,,,,78.0,88.0,,8,3.2765625,False,0,33.53904113769,791.15136341401,2038.93147161297,false
l6:3a,2022-10-01 18:34:13,,,,71.0,88.0,,9,3.27216796874,False,0,33.55855560302,791.15136533837,2038.93145203746,false
l6:3a,2022-10-01 18:34:23,,,,58.0,79.0,,9,3.26865234374,False,0,33.56167526245,791.15136804548,2038.93142449937,false
l6:3a,2022-10-01 18:34:33,,,,56.0,42.0,,9,3.2765625,False,0,33.56393203735,791.15137046012,2038.9313999364,false
l6:3a,2022-10-01 18:34:43,,,,58.0,32.0,,8,3.27128906249,False,0,33.58829193115,791.15137248363,2038.93137935221,false
l6:3a,2022-10-01 18:34:53,,,,43.0,37.0,,8,3.27392578124,False,0,33.60833740234,791.15137514834,2038.93135224547,false
l6:3a,2022-10-01 18:35:03,,,,44.0,31.0,,8,3.27744140624,False,0,33.61988677978,791.15137525149,2038.93135119614,false
l6:3a,2022-10-01 18:35:13,,,,52.0,14.0,,8,3.26689453124,False,0,33.62758636474,791.1513765093,2038.93133840109,false
